symbol,date,price
DCOILWTICO,2009-01-01,NA
DCOILWTICO,2009-01-02,46.17
DCOILWTICO,2009-01-05,48.61
DCOILWTICO,2009-01-06,48.56
DCOILWTICO,2009-01-07,42.75
DCOILWTICO,2009-01-08,41.68
DCOILWTICO,2009-01-09,40.69
DCOILWTICO,2009-01-12,37.65
DCOILWTICO,2009-01-13,37.77
DCOILWTICO,2009-01-14,37.43
DCOILWTICO,2009-01-15,35.41
DCOILWTICO,2009-01-16,35.38
DCOILWTICO,2009-01-19,NA
DCOILWTICO,2009-01-20,38.57
DCOILWTICO,2009-01-21,42.56
DCOILWTICO,2009-01-22,42.33
DCOILWTICO,2009-01-23,45.12
DCOILWTICO,2009-01-26,46.5
DCOILWTICO,2009-01-27,41.67
DCOILWTICO,2009-01-28,42.04
DCOILWTICO,2009-01-29,41.58
DCOILWTICO,2009-01-30,41.73
DCOILWTICO,2009-02-02,41.35
DCOILWTICO,2009-02-03,40.87
DCOILWTICO,2009-02-04,40.27
DCOILWTICO,2009-02-05,41.15
DCOILWTICO,2009-02-06,40.24
DCOILWTICO,2009-02-09,39.58
DCOILWTICO,2009-02-10,37.54
DCOILWTICO,2009-02-11,35.93
DCOILWTICO,2009-02-12,34.03
DCOILWTICO,2009-02-13,37.63
DCOILWTICO,2009-02-16,NA
DCOILWTICO,2009-02-17,34.96
DCOILWTICO,2009-02-18,34.67
DCOILWTICO,2009-02-19,39.6
DCOILWTICO,2009-02-20,39.35
DCOILWTICO,2009-02-23,37.66
DCOILWTICO,2009-02-24,38.86
DCOILWTICO,2009-02-25,41.64
DCOILWTICO,2009-02-26,43.18
DCOILWTICO,2009-02-27,44.15
DCOILWTICO,2009-03-02,40.07
DCOILWTICO,2009-03-03,41.57
DCOILWTICO,2009-03-04,45.28
DCOILWTICO,2009-03-05,43.54
DCOILWTICO,2009-03-06,45.43
DCOILWTICO,2009-03-09,47.01
DCOILWTICO,2009-03-10,45.68
DCOILWTICO,2009-03-11,42.46
DCOILWTICO,2009-03-12,46.91
DCOILWTICO,2009-03-13,46.22
DCOILWTICO,2009-03-16,47.33
DCOILWTICO,2009-03-17,48.97
DCOILWTICO,2009-03-18,48.12
DCOILWTICO,2009-03-19,51.46
DCOILWTICO,2009-03-20,51.55
DCOILWTICO,2009-03-23,53.05
DCOILWTICO,2009-03-24,53.36
DCOILWTICO,2009-03-25,52.24
DCOILWTICO,2009-03-26,53.87
DCOILWTICO,2009-03-27,52.41
DCOILWTICO,2009-03-30,48.49
DCOILWTICO,2009-03-31,49.64
DCOILWTICO,2009-04-01,48.46
DCOILWTICO,2009-04-02,52.61
DCOILWTICO,2009-04-03,52.52
DCOILWTICO,2009-04-06,51.1
DCOILWTICO,2009-04-07,49.13
DCOILWTICO,2009-04-08,49.37
DCOILWTICO,2009-04-09,52.24
DCOILWTICO,2009-04-10,NA
DCOILWTICO,2009-04-13,50.22
DCOILWTICO,2009-04-14,49.51
DCOILWTICO,2009-04-15,49.26
DCOILWTICO,2009-04-16,49.97
DCOILWTICO,2009-04-17,50.36
DCOILWTICO,2009-04-20,45.82
DCOILWTICO,2009-04-21,46.65
DCOILWTICO,2009-04-22,47.41
DCOILWTICO,2009-04-23,48.46
DCOILWTICO,2009-04-24,50.65
DCOILWTICO,2009-04-27,49.29
DCOILWTICO,2009-04-28,49.01
DCOILWTICO,2009-04-29,50.19
DCOILWTICO,2009-04-30,50.35
DCOILWTICO,2009-05-01,52.18
DCOILWTICO,2009-05-04,54.45
DCOILWTICO,2009-05-05,53.81
DCOILWTICO,2009-05-06,56.29
DCOILWTICO,2009-05-07,56.67
DCOILWTICO,2009-05-08,58.58
DCOILWTICO,2009-05-11,57.79
DCOILWTICO,2009-05-12,58.81
DCOILWTICO,2009-05-13,58
DCOILWTICO,2009-05-14,58.58
DCOILWTICO,2009-05-15,56.52
DCOILWTICO,2009-05-18,58.99
DCOILWTICO,2009-05-19,59.52
DCOILWTICO,2009-05-20,61.45
DCOILWTICO,2009-05-21,60.49
DCOILWTICO,2009-05-22,61.15
DCOILWTICO,2009-05-25,NA
DCOILWTICO,2009-05-26,62.48
DCOILWTICO,2009-05-27,63.41
DCOILWTICO,2009-05-28,65.09
DCOILWTICO,2009-05-29,66.31
DCOILWTICO,2009-06-01,68.59
DCOILWTICO,2009-06-02,68.58
DCOILWTICO,2009-06-03,66.14
DCOILWTICO,2009-06-04,68.8
DCOILWTICO,2009-06-05,68.43
DCOILWTICO,2009-06-08,68.05
DCOILWTICO,2009-06-09,70.02
DCOILWTICO,2009-06-10,71.38
DCOILWTICO,2009-06-11,72.69
DCOILWTICO,2009-06-12,72.13
DCOILWTICO,2009-06-15,70.54
DCOILWTICO,2009-06-16,70.47
DCOILWTICO,2009-06-17,71.07
DCOILWTICO,2009-06-18,71.42
DCOILWTICO,2009-06-19,69.6
DCOILWTICO,2009-06-22,67.09
DCOILWTICO,2009-06-23,68.81
DCOILWTICO,2009-06-24,68.14
DCOILWTICO,2009-06-25,69.7
DCOILWTICO,2009-06-26,69.16
DCOILWTICO,2009-06-29,71.47
DCOILWTICO,2009-06-30,69.82
DCOILWTICO,2009-07-01,69.32
DCOILWTICO,2009-07-02,66.68
DCOILWTICO,2009-07-03,NA
DCOILWTICO,2009-07-06,64.06
DCOILWTICO,2009-07-07,62.88
DCOILWTICO,2009-07-08,60.15
DCOILWTICO,2009-07-09,60.36
DCOILWTICO,2009-07-10,59.93
DCOILWTICO,2009-07-13,59.69
DCOILWTICO,2009-07-14,59.62
DCOILWTICO,2009-07-15,61.49
DCOILWTICO,2009-07-16,62.07
DCOILWTICO,2009-07-17,63.56
DCOILWTICO,2009-07-20,63.93
DCOILWTICO,2009-07-21,64.81
DCOILWTICO,2009-07-22,64.58
DCOILWTICO,2009-07-23,66.1
DCOILWTICO,2009-07-24,66.96
DCOILWTICO,2009-07-27,68.34
DCOILWTICO,2009-07-28,67.24
DCOILWTICO,2009-07-29,63.42
DCOILWTICO,2009-07-30,66.9
DCOILWTICO,2009-07-31,69.26
DCOILWTICO,2009-08-03,71.59
DCOILWTICO,2009-08-04,71.4
DCOILWTICO,2009-08-05,71.97
DCOILWTICO,2009-08-06,71.96
DCOILWTICO,2009-08-07,70.97
DCOILWTICO,2009-08-10,70.59
DCOILWTICO,2009-08-11,69.46
DCOILWTICO,2009-08-12,70.08
DCOILWTICO,2009-08-13,70.57
DCOILWTICO,2009-08-14,67.51
DCOILWTICO,2009-08-17,66.72
DCOILWTICO,2009-08-18,69.22
DCOILWTICO,2009-08-19,72.54
DCOILWTICO,2009-08-20,72.4
DCOILWTICO,2009-08-21,73.12
DCOILWTICO,2009-08-24,73.68
DCOILWTICO,2009-08-25,71.6
DCOILWTICO,2009-08-26,71.38
DCOILWTICO,2009-08-27,72.49
DCOILWTICO,2009-08-28,72.72
DCOILWTICO,2009-08-31,69.97
DCOILWTICO,2009-09-01,68.11
DCOILWTICO,2009-09-02,68.03
DCOILWTICO,2009-09-03,67.9
DCOILWTICO,2009-09-04,67.95
DCOILWTICO,2009-09-07,NA
DCOILWTICO,2009-09-08,71.08
DCOILWTICO,2009-09-09,71.27
DCOILWTICO,2009-09-10,71.95
DCOILWTICO,2009-09-11,69.34
DCOILWTICO,2009-09-14,68.86
DCOILWTICO,2009-09-15,70.81
DCOILWTICO,2009-09-16,72.5
DCOILWTICO,2009-09-17,72.48
DCOILWTICO,2009-09-18,71.95
DCOILWTICO,2009-09-21,69.74
DCOILWTICO,2009-09-22,71.5
DCOILWTICO,2009-09-23,68.74
DCOILWTICO,2009-09-24,65.74
DCOILWTICO,2009-09-25,65.91
DCOILWTICO,2009-09-28,66.69
DCOILWTICO,2009-09-29,66.56
DCOILWTICO,2009-09-30,70.46
DCOILWTICO,2009-10-01,70.67
DCOILWTICO,2009-10-02,69.8
DCOILWTICO,2009-10-05,70.26
DCOILWTICO,2009-10-06,70.71
DCOILWTICO,2009-10-07,69.6
DCOILWTICO,2009-10-08,71.69
DCOILWTICO,2009-10-09,71.75
DCOILWTICO,2009-10-12,73.24
DCOILWTICO,2009-10-13,74.1
DCOILWTICO,2009-10-14,75.2
DCOILWTICO,2009-10-15,77.55
DCOILWTICO,2009-10-16,78.54
DCOILWTICO,2009-10-19,79.47
DCOILWTICO,2009-10-20,78.87
DCOILWTICO,2009-10-21,81.03
DCOILWTICO,2009-10-22,80.82
DCOILWTICO,2009-10-23,80.11
DCOILWTICO,2009-10-26,78.61
DCOILWTICO,2009-10-27,79.45
DCOILWTICO,2009-10-28,77.39
DCOILWTICO,2009-10-29,79.84
DCOILWTICO,2009-10-30,77.04
DCOILWTICO,2009-11-02,78.08
DCOILWTICO,2009-11-03,79.58
DCOILWTICO,2009-11-04,80.3
DCOILWTICO,2009-11-05,79.64
DCOILWTICO,2009-11-06,77.4
DCOILWTICO,2009-11-09,79.44
DCOILWTICO,2009-11-10,79.01
DCOILWTICO,2009-11-11,79.16
DCOILWTICO,2009-11-12,77.25
DCOILWTICO,2009-11-13,76.34
DCOILWTICO,2009-11-16,78.91
DCOILWTICO,2009-11-17,79.08
DCOILWTICO,2009-11-18,79.55
DCOILWTICO,2009-11-19,77.47
DCOILWTICO,2009-11-20,76.83
DCOILWTICO,2009-11-23,76.49
DCOILWTICO,2009-11-24,74.88
DCOILWTICO,2009-11-25,77.25
DCOILWTICO,2009-11-26,NA
DCOILWTICO,2009-11-27,75.95
DCOILWTICO,2009-11-30,77.19
DCOILWTICO,2009-12-01,78.39
DCOILWTICO,2009-12-02,76.62
DCOILWTICO,2009-12-03,76.42
DCOILWTICO,2009-12-04,75.41
DCOILWTICO,2009-12-07,73.89
DCOILWTICO,2009-12-08,72.59
DCOILWTICO,2009-12-09,70.67
DCOILWTICO,2009-12-10,70.54
DCOILWTICO,2009-12-11,69.86
DCOILWTICO,2009-12-14,69.48
DCOILWTICO,2009-12-15,70.62
DCOILWTICO,2009-12-16,72.64
DCOILWTICO,2009-12-17,72.58
DCOILWTICO,2009-12-18,73.3
DCOILWTICO,2009-12-21,72.71
DCOILWTICO,2009-12-22,73.48
DCOILWTICO,2009-12-23,76.03
DCOILWTICO,2009-12-24,76.83
DCOILWTICO,2009-12-25,NA
DCOILWTICO,2009-12-28,78.67
DCOILWTICO,2009-12-29,78.87
DCOILWTICO,2009-12-30,79.35
DCOILWTICO,2009-12-31,79.39
DCOILWTICO,2010-01-01,NA
DCOILWTICO,2010-01-04,81.52
DCOILWTICO,2010-01-05,81.74
DCOILWTICO,2010-01-06,83.12
DCOILWTICO,2010-01-07,82.6
DCOILWTICO,2010-01-08,82.74
DCOILWTICO,2010-01-11,82.54
DCOILWTICO,2010-01-12,80.79
DCOILWTICO,2010-01-13,79.66
DCOILWTICO,2010-01-14,79.35
DCOILWTICO,2010-01-15,77.96
DCOILWTICO,2010-01-18,NA
DCOILWTICO,2010-01-19,78.98
DCOILWTICO,2010-01-20,77.42
DCOILWTICO,2010-01-21,75.84
DCOILWTICO,2010-01-22,74.25
DCOILWTICO,2010-01-25,74.9
DCOILWTICO,2010-01-26,74.67
DCOILWTICO,2010-01-27,73.64
DCOILWTICO,2010-01-28,73.62
DCOILWTICO,2010-01-29,72.85
DCOILWTICO,2010-02-01,74.41
DCOILWTICO,2010-02-02,77.21
DCOILWTICO,2010-02-03,76.96
DCOILWTICO,2010-02-04,73.13
DCOILWTICO,2010-02-05,71.15
DCOILWTICO,2010-02-08,71.87
DCOILWTICO,2010-02-09,73.71
DCOILWTICO,2010-02-10,74.48
DCOILWTICO,2010-02-11,75.23
DCOILWTICO,2010-02-12,74.11
DCOILWTICO,2010-02-15,NA
DCOILWTICO,2010-02-16,76.98
DCOILWTICO,2010-02-17,77.27
DCOILWTICO,2010-02-18,78.97
DCOILWTICO,2010-02-19,79.77
DCOILWTICO,2010-02-22,80.04
DCOILWTICO,2010-02-23,78.61
DCOILWTICO,2010-02-24,79.75
DCOILWTICO,2010-02-25,77.99
DCOILWTICO,2010-02-26,79.72
DCOILWTICO,2010-03-01,78.71
DCOILWTICO,2010-03-02,79.62
DCOILWTICO,2010-03-03,80.91
DCOILWTICO,2010-03-04,80.21
DCOILWTICO,2010-03-05,81.5
DCOILWTICO,2010-03-08,81.85
DCOILWTICO,2010-03-09,81.5
DCOILWTICO,2010-03-10,82.07
DCOILWTICO,2010-03-11,82.1
DCOILWTICO,2010-03-12,81.26
DCOILWTICO,2010-03-15,79.79
DCOILWTICO,2010-03-16,81.75
DCOILWTICO,2010-03-17,82.93
DCOILWTICO,2010-03-18,82.16
DCOILWTICO,2010-03-19,80.58
DCOILWTICO,2010-03-22,81.26
DCOILWTICO,2010-03-23,81.68
DCOILWTICO,2010-03-24,80.29
DCOILWTICO,2010-03-25,80.25
DCOILWTICO,2010-03-26,79.75
DCOILWTICO,2010-03-29,81.92
DCOILWTICO,2010-03-30,82.14
DCOILWTICO,2010-03-31,83.45
DCOILWTICO,2010-04-01,84.53
DCOILWTICO,2010-04-02,NA
DCOILWTICO,2010-04-05,86.36
DCOILWTICO,2010-04-06,86.54
DCOILWTICO,2010-04-07,85.64
DCOILWTICO,2010-04-08,85.17
DCOILWTICO,2010-04-09,84.6
DCOILWTICO,2010-04-12,84.07
DCOILWTICO,2010-04-13,83.8
DCOILWTICO,2010-04-14,85.62
DCOILWTICO,2010-04-15,85.25
DCOILWTICO,2010-04-16,82.97
DCOILWTICO,2010-04-19,81.52
DCOILWTICO,2010-04-20,82.98
DCOILWTICO,2010-04-21,82.78
DCOILWTICO,2010-04-22,82.89
DCOILWTICO,2010-04-23,84.34
DCOILWTICO,2010-04-26,84.2
DCOILWTICO,2010-04-27,82.43
DCOILWTICO,2010-04-28,83.22
DCOILWTICO,2010-04-29,85.17
DCOILWTICO,2010-04-30,86.07
DCOILWTICO,2010-05-03,86.19
DCOILWTICO,2010-05-04,82.73
DCOILWTICO,2010-05-05,80
DCOILWTICO,2010-05-06,77.18
DCOILWTICO,2010-05-07,75.1
DCOILWTICO,2010-05-10,76.89
DCOILWTICO,2010-05-11,76.37
DCOILWTICO,2010-05-12,75.65
DCOILWTICO,2010-05-13,74.38
DCOILWTICO,2010-05-14,71.61
DCOILWTICO,2010-05-17,70.08
DCOILWTICO,2010-05-18,69.38
DCOILWTICO,2010-05-19,69.91
DCOILWTICO,2010-05-20,68.28
DCOILWTICO,2010-05-21,68.03
DCOILWTICO,2010-05-24,68.23
DCOILWTICO,2010-05-25,64.78
DCOILWTICO,2010-05-26,71.52
DCOILWTICO,2010-05-27,74.56
DCOILWTICO,2010-05-28,74
DCOILWTICO,2010-05-31,NA
DCOILWTICO,2010-06-01,72.7
DCOILWTICO,2010-06-02,72.88
DCOILWTICO,2010-06-03,74.62
DCOILWTICO,2010-06-04,71.43
DCOILWTICO,2010-06-07,71.55
DCOILWTICO,2010-06-08,71.88
DCOILWTICO,2010-06-09,74.38
DCOILWTICO,2010-06-10,75.48
DCOILWTICO,2010-06-11,73.89
DCOILWTICO,2010-06-14,74.99
DCOILWTICO,2010-06-15,76.84
DCOILWTICO,2010-06-16,77.67
DCOILWTICO,2010-06-17,76.82
DCOILWTICO,2010-06-18,77.18
DCOILWTICO,2010-06-21,77.84
DCOILWTICO,2010-06-22,77.15
DCOILWTICO,2010-06-23,75.9
DCOILWTICO,2010-06-24,75.96
DCOILWTICO,2010-06-25,78.45
DCOILWTICO,2010-06-28,78.26
DCOILWTICO,2010-06-29,75.93
DCOILWTICO,2010-06-30,75.59
DCOILWTICO,2010-07-01,72.95
DCOILWTICO,2010-07-02,72.06
DCOILWTICO,2010-07-05,NA
DCOILWTICO,2010-07-06,71.96
DCOILWTICO,2010-07-07,74.05
DCOILWTICO,2010-07-08,75.46
DCOILWTICO,2010-07-09,76.08
DCOILWTICO,2010-07-12,74.93
DCOILWTICO,2010-07-13,77.16
DCOILWTICO,2010-07-14,77.02
DCOILWTICO,2010-07-15,76.67
DCOILWTICO,2010-07-16,75.96
DCOILWTICO,2010-07-19,76.53
DCOILWTICO,2010-07-20,77.32
DCOILWTICO,2010-07-21,76.27
DCOILWTICO,2010-07-22,79.01
DCOILWTICO,2010-07-23,78.68
DCOILWTICO,2010-07-26,78.93
DCOILWTICO,2010-07-27,77.46
DCOILWTICO,2010-07-28,77.06
DCOILWTICO,2010-07-29,78.3
DCOILWTICO,2010-07-30,78.85
DCOILWTICO,2010-08-02,81.25
DCOILWTICO,2010-08-03,82.52
DCOILWTICO,2010-08-04,82.49
DCOILWTICO,2010-08-05,82
DCOILWTICO,2010-08-06,80.67
DCOILWTICO,2010-08-09,81.46
DCOILWTICO,2010-08-10,80.24
DCOILWTICO,2010-08-11,78.09
DCOILWTICO,2010-08-12,75.68
DCOILWTICO,2010-08-13,75.39
DCOILWTICO,2010-08-16,75.17
DCOILWTICO,2010-08-17,75.76
DCOILWTICO,2010-08-18,75.39
DCOILWTICO,2010-08-19,74.45
DCOILWTICO,2010-08-20,73.45
DCOILWTICO,2010-08-23,72.71
DCOILWTICO,2010-08-24,71.24
DCOILWTICO,2010-08-25,72.07
DCOILWTICO,2010-08-26,73.36
DCOILWTICO,2010-08-27,75.17
DCOILWTICO,2010-08-30,74.69
DCOILWTICO,2010-08-31,71.93
DCOILWTICO,2010-09-01,73.97
DCOILWTICO,2010-09-02,74.99
DCOILWTICO,2010-09-03,74.52
DCOILWTICO,2010-09-06,NA
DCOILWTICO,2010-09-07,73.98
DCOILWTICO,2010-09-08,74.65
DCOILWTICO,2010-09-09,74.25
DCOILWTICO,2010-09-10,76.4
DCOILWTICO,2010-09-13,77.17
DCOILWTICO,2010-09-14,76.78
DCOILWTICO,2010-09-15,75.92
DCOILWTICO,2010-09-16,74.58
DCOILWTICO,2010-09-17,73.63
DCOILWTICO,2010-09-20,74.81
DCOILWTICO,2010-09-21,72.96
DCOILWTICO,2010-09-22,72.98
DCOILWTICO,2010-09-23,73.4
DCOILWTICO,2010-09-24,74.63
DCOILWTICO,2010-09-27,76.51
DCOILWTICO,2010-09-28,76.15
DCOILWTICO,2010-09-29,77.85
DCOILWTICO,2010-09-30,79.95
DCOILWTICO,2010-10-01,81.57
DCOILWTICO,2010-10-04,81.43
DCOILWTICO,2010-10-05,82.83
DCOILWTICO,2010-10-06,83.21
DCOILWTICO,2010-10-07,81.34
DCOILWTICO,2010-10-08,82.66
DCOILWTICO,2010-10-11,82.18
DCOILWTICO,2010-10-12,81.67
DCOILWTICO,2010-10-13,83.03
DCOILWTICO,2010-10-14,82.71
DCOILWTICO,2010-10-15,81.23
DCOILWTICO,2010-10-18,83.06
DCOILWTICO,2010-10-19,79.57
DCOILWTICO,2010-10-20,81.93
DCOILWTICO,2010-10-21,80.03
DCOILWTICO,2010-10-22,81.15
DCOILWTICO,2010-10-25,82
DCOILWTICO,2010-10-26,82.6
DCOILWTICO,2010-10-27,81.9
DCOILWTICO,2010-10-28,82.2
DCOILWTICO,2010-10-29,81.45
DCOILWTICO,2010-11-01,82.94
DCOILWTICO,2010-11-02,83.91
DCOILWTICO,2010-11-03,84.45
DCOILWTICO,2010-11-04,86.49
DCOILWTICO,2010-11-05,86.85
DCOILWTICO,2010-11-08,87.07
DCOILWTICO,2010-11-09,87.04
DCOILWTICO,2010-11-10,87.77
DCOILWTICO,2010-11-11,87.77
DCOILWTICO,2010-11-12,84.89
DCOILWTICO,2010-11-15,84.88
DCOILWTICO,2010-11-16,82.33
DCOILWTICO,2010-11-17,80.43
DCOILWTICO,2010-11-18,81.88
DCOILWTICO,2010-11-19,81.65
DCOILWTICO,2010-11-22,81.24
DCOILWTICO,2010-11-23,80.79
DCOILWTICO,2010-11-24,83.21
DCOILWTICO,2010-11-25,NA
DCOILWTICO,2010-11-26,83.87
DCOILWTICO,2010-11-29,85.73
DCOILWTICO,2010-11-30,84.12
DCOILWTICO,2010-12-01,86.75
DCOILWTICO,2010-12-02,87.98
DCOILWTICO,2010-12-03,89.18
DCOILWTICO,2010-12-06,89.33
DCOILWTICO,2010-12-07,88.69
DCOILWTICO,2010-12-08,88.3
DCOILWTICO,2010-12-09,88.35
DCOILWTICO,2010-12-10,87.81
DCOILWTICO,2010-12-13,88.62
DCOILWTICO,2010-12-14,88.33
DCOILWTICO,2010-12-15,88.66
DCOILWTICO,2010-12-16,87.71
DCOILWTICO,2010-12-17,88.02
DCOILWTICO,2010-12-20,88.68
DCOILWTICO,2010-12-21,89.3
DCOILWTICO,2010-12-22,89.83
DCOILWTICO,2010-12-23,90.84
DCOILWTICO,2010-12-24,NA
DCOILWTICO,2010-12-27,90.99
DCOILWTICO,2010-12-28,91.48
DCOILWTICO,2010-12-29,91.13
DCOILWTICO,2010-12-30,89.85
DCOILWTICO,2010-12-31,91.38
DCOILWTICO,2011-01-03,91.59
DCOILWTICO,2011-01-04,89.39
DCOILWTICO,2011-01-05,90.3
DCOILWTICO,2011-01-06,88.37
DCOILWTICO,2011-01-07,88.07
DCOILWTICO,2011-01-10,89.24
DCOILWTICO,2011-01-11,91.11
DCOILWTICO,2011-01-12,91.85
DCOILWTICO,2011-01-13,91.39
DCOILWTICO,2011-01-14,91.53
DCOILWTICO,2011-01-17,NA
DCOILWTICO,2011-01-18,91.38
DCOILWTICO,2011-01-19,90.85
DCOILWTICO,2011-01-20,88.56
DCOILWTICO,2011-01-21,88.22
DCOILWTICO,2011-01-24,86.74
DCOILWTICO,2011-01-25,85.08
DCOILWTICO,2011-01-26,86.15
DCOILWTICO,2011-01-27,84.45
DCOILWTICO,2011-01-28,88.15
DCOILWTICO,2011-01-31,90.99
DCOILWTICO,2011-02-01,89.54
DCOILWTICO,2011-02-02,89.78
DCOILWTICO,2011-02-03,89.42
DCOILWTICO,2011-02-04,87.87
DCOILWTICO,2011-02-07,86.3
DCOILWTICO,2011-02-08,85.85
DCOILWTICO,2011-02-09,85.59
DCOILWTICO,2011-02-10,85.44
DCOILWTICO,2011-02-11,84.39
DCOILWTICO,2011-02-14,83.66
DCOILWTICO,2011-02-15,83.13
DCOILWTICO,2011-02-16,83.8
DCOILWTICO,2011-02-17,85.05
DCOILWTICO,2011-02-18,85.03
DCOILWTICO,2011-02-21,NA
DCOILWTICO,2011-02-22,92.65
DCOILWTICO,2011-02-23,96.04
DCOILWTICO,2011-02-24,95.83
DCOILWTICO,2011-02-25,96.52
DCOILWTICO,2011-02-28,97.1
DCOILWTICO,2011-03-01,99.63
DCOILWTICO,2011-03-02,102.27
DCOILWTICO,2011-03-03,101.92
DCOILWTICO,2011-03-04,104.34
DCOILWTICO,2011-03-07,105.37
DCOILWTICO,2011-03-08,105.06
DCOILWTICO,2011-03-09,104.39
DCOILWTICO,2011-03-10,102.73
DCOILWTICO,2011-03-11,101.14
DCOILWTICO,2011-03-14,101.2
DCOILWTICO,2011-03-15,97.23
DCOILWTICO,2011-03-16,97.99
DCOILWTICO,2011-03-17,101.47
DCOILWTICO,2011-03-18,101.06
DCOILWTICO,2011-03-21,102.36
DCOILWTICO,2011-03-22,104.53
DCOILWTICO,2011-03-23,105.21
DCOILWTICO,2011-03-24,105.04
DCOILWTICO,2011-03-25,104.89
DCOILWTICO,2011-03-28,103.54
DCOILWTICO,2011-03-29,104.34
DCOILWTICO,2011-03-30,103.8
DCOILWTICO,2011-03-31,106.19
DCOILWTICO,2011-04-01,107.55
DCOILWTICO,2011-04-04,108.14
DCOILWTICO,2011-04-05,107.82
DCOILWTICO,2011-04-06,108.38
DCOILWTICO,2011-04-07,109.82
DCOILWTICO,2011-04-08,112.27
DCOILWTICO,2011-04-11,109.5
DCOILWTICO,2011-04-12,105.75
DCOILWTICO,2011-04-13,106.6
DCOILWTICO,2011-04-14,107.73
DCOILWTICO,2011-04-15,109.17
DCOILWTICO,2011-04-18,106.7
DCOILWTICO,2011-04-19,107.18
DCOILWTICO,2011-04-20,110.84
DCOILWTICO,2011-04-21,111.72
DCOILWTICO,2011-04-22,NA
DCOILWTICO,2011-04-25,111.68
DCOILWTICO,2011-04-26,111.72
DCOILWTICO,2011-04-27,112.31
DCOILWTICO,2011-04-28,112.38
DCOILWTICO,2011-04-29,113.39
DCOILWTICO,2011-05-02,113.03
DCOILWTICO,2011-05-03,110.6
DCOILWTICO,2011-05-04,108.79
DCOILWTICO,2011-05-05,99.89
DCOILWTICO,2011-05-06,96.87
DCOILWTICO,2011-05-09,100.32
DCOILWTICO,2011-05-10,103.39
DCOILWTICO,2011-05-11,97.88
DCOILWTICO,2011-05-12,98.53
DCOILWTICO,2011-05-13,99.21
DCOILWTICO,2011-05-16,96.91
DCOILWTICO,2011-05-17,96.4
DCOILWTICO,2011-05-18,99.52
DCOILWTICO,2011-05-19,97.99
DCOILWTICO,2011-05-20,99.15
DCOILWTICO,2011-05-23,97.06
DCOILWTICO,2011-05-24,99.13
DCOILWTICO,2011-05-25,100.78
DCOILWTICO,2011-05-26,100.18
DCOILWTICO,2011-05-27,100.58
DCOILWTICO,2011-05-30,NA
DCOILWTICO,2011-05-31,102.7
DCOILWTICO,2011-06-01,100.3
DCOILWTICO,2011-06-02,100.41
DCOILWTICO,2011-06-03,100.28
DCOILWTICO,2011-06-06,99.07
DCOILWTICO,2011-06-07,99.18
DCOILWTICO,2011-06-08,100.77
DCOILWTICO,2011-06-09,101.95
DCOILWTICO,2011-06-10,99.3
DCOILWTICO,2011-06-13,97.2
DCOILWTICO,2011-06-14,99.37
DCOILWTICO,2011-06-15,94.83
DCOILWTICO,2011-06-16,94.95
DCOILWTICO,2011-06-17,93.02
DCOILWTICO,2011-06-20,93.23
DCOILWTICO,2011-06-21,93.7
DCOILWTICO,2011-06-22,94.96
DCOILWTICO,2011-06-23,90.7
DCOILWTICO,2011-06-24,90.89
DCOILWTICO,2011-06-27,90.65
DCOILWTICO,2011-06-28,92.9
DCOILWTICO,2011-06-29,94.85
DCOILWTICO,2011-06-30,95.3
DCOILWTICO,2011-07-01,94.81
DCOILWTICO,2011-07-04,NA
DCOILWTICO,2011-07-05,96.92
DCOILWTICO,2011-07-06,96.67
DCOILWTICO,2011-07-07,98.7
DCOILWTICO,2011-07-08,96.2
DCOILWTICO,2011-07-11,95.16
DCOILWTICO,2011-07-12,97.41
DCOILWTICO,2011-07-13,98.04
DCOILWTICO,2011-07-14,95.75
DCOILWTICO,2011-07-15,97.24
DCOILWTICO,2011-07-18,95.94
DCOILWTICO,2011-07-19,97.49
DCOILWTICO,2011-07-20,98.11
DCOILWTICO,2011-07-21,98.96
DCOILWTICO,2011-07-22,99.53
DCOILWTICO,2011-07-25,98.97
DCOILWTICO,2011-07-26,99.61
DCOILWTICO,2011-07-27,97.4
DCOILWTICO,2011-07-28,97.48
DCOILWTICO,2011-07-29,95.68
DCOILWTICO,2011-08-01,94.98
DCOILWTICO,2011-08-02,93.78
DCOILWTICO,2011-08-03,91.87
DCOILWTICO,2011-08-04,86.75
DCOILWTICO,2011-08-05,86.89
DCOILWTICO,2011-08-08,81.27
DCOILWTICO,2011-08-09,79.32
DCOILWTICO,2011-08-10,83.05
DCOILWTICO,2011-08-11,85.48
DCOILWTICO,2011-08-12,85.19
DCOILWTICO,2011-08-15,87.88
DCOILWTICO,2011-08-16,86.65
DCOILWTICO,2011-08-17,87.58
DCOILWTICO,2011-08-18,82.38
DCOILWTICO,2011-08-19,82.33
DCOILWTICO,2011-08-22,84.42
DCOILWTICO,2011-08-23,85.35
DCOILWTICO,2011-08-24,84.99
DCOILWTICO,2011-08-25,85.15
DCOILWTICO,2011-08-26,85.37
DCOILWTICO,2011-08-29,87.27
DCOILWTICO,2011-08-30,88.9
DCOILWTICO,2011-08-31,88.81
DCOILWTICO,2011-09-01,88.93
DCOILWTICO,2011-09-02,86.45
DCOILWTICO,2011-09-05,NA
DCOILWTICO,2011-09-06,85.99
DCOILWTICO,2011-09-07,89.34
DCOILWTICO,2011-09-08,89.05
DCOILWTICO,2011-09-09,87.24
DCOILWTICO,2011-09-12,88.19
DCOILWTICO,2011-09-13,90.21
DCOILWTICO,2011-09-14,88.91
DCOILWTICO,2011-09-15,89.4
DCOILWTICO,2011-09-16,87.96
DCOILWTICO,2011-09-19,85.7
DCOILWTICO,2011-09-20,86.92
DCOILWTICO,2011-09-21,85.77
DCOILWTICO,2011-09-22,80.29
DCOILWTICO,2011-09-23,79.58
DCOILWTICO,2011-09-26,79.97
DCOILWTICO,2011-09-27,84.18
DCOILWTICO,2011-09-28,80.94
DCOILWTICO,2011-09-29,81.87
DCOILWTICO,2011-09-30,78.93
DCOILWTICO,2011-10-03,77.34
DCOILWTICO,2011-10-04,75.4
DCOILWTICO,2011-10-05,79.41
DCOILWTICO,2011-10-06,82.32
DCOILWTICO,2011-10-07,82.7
DCOILWTICO,2011-10-10,85.14
DCOILWTICO,2011-10-11,85.54
DCOILWTICO,2011-10-12,85.3
DCOILWTICO,2011-10-13,83.96
DCOILWTICO,2011-10-14,86.8
DCOILWTICO,2011-10-17,86.38
DCOILWTICO,2011-10-18,88.34
DCOILWTICO,2011-10-19,86.11
DCOILWTICO,2011-10-20,86.07
DCOILWTICO,2011-10-21,87.19
DCOILWTICO,2011-10-24,91.12
DCOILWTICO,2011-10-25,92.98
DCOILWTICO,2011-10-26,90.2
DCOILWTICO,2011-10-27,93.96
DCOILWTICO,2011-10-28,93.32
DCOILWTICO,2011-10-31,93.19
DCOILWTICO,2011-11-01,92.19
DCOILWTICO,2011-11-02,92.51
DCOILWTICO,2011-11-03,94.07
DCOILWTICO,2011-11-04,94.26
DCOILWTICO,2011-11-07,95.52
DCOILWTICO,2011-11-08,96.8
DCOILWTICO,2011-11-09,95.74
DCOILWTICO,2011-11-10,97.78
DCOILWTICO,2011-11-11,98.99
DCOILWTICO,2011-11-14,98.14
DCOILWTICO,2011-11-15,99.37
DCOILWTICO,2011-11-16,102.59
DCOILWTICO,2011-11-17,98.82
DCOILWTICO,2011-11-18,97.67
DCOILWTICO,2011-11-21,96.73
DCOILWTICO,2011-11-22,97.76
DCOILWTICO,2011-11-23,96.16
DCOILWTICO,2011-11-24,NA
DCOILWTICO,2011-11-25,96.91
DCOILWTICO,2011-11-28,98.21
DCOILWTICO,2011-11-29,99.79
DCOILWTICO,2011-11-30,100.36
DCOILWTICO,2011-12-01,100.2
DCOILWTICO,2011-12-02,100.97
DCOILWTICO,2011-12-05,100.94
DCOILWTICO,2011-12-06,101.25
DCOILWTICO,2011-12-07,100.45
DCOILWTICO,2011-12-08,98.35
DCOILWTICO,2011-12-09,99.4
DCOILWTICO,2011-12-12,97.77
DCOILWTICO,2011-12-13,100.24
DCOILWTICO,2011-12-14,94.92
DCOILWTICO,2011-12-15,93.84
DCOILWTICO,2011-12-16,93.55
DCOILWTICO,2011-12-19,93.86
DCOILWTICO,2011-12-20,97.16
DCOILWTICO,2011-12-21,98.54
DCOILWTICO,2011-12-22,99.42
DCOILWTICO,2011-12-23,99.72
DCOILWTICO,2011-12-26,NA
DCOILWTICO,2011-12-27,101.29
DCOILWTICO,2011-12-28,99.44
DCOILWTICO,2011-12-29,99.68
DCOILWTICO,2011-12-30,98.83
DCOILWTICO,2012-01-02,NA
DCOILWTICO,2012-01-03,102.96
DCOILWTICO,2012-01-04,103.22
DCOILWTICO,2012-01-05,101.81
DCOILWTICO,2012-01-06,101.56
DCOILWTICO,2012-01-09,101.31
DCOILWTICO,2012-01-10,102.24
DCOILWTICO,2012-01-11,100.89
DCOILWTICO,2012-01-12,99.03
DCOILWTICO,2012-01-13,98.69
DCOILWTICO,2012-01-16,NA
DCOILWTICO,2012-01-17,100.7
DCOILWTICO,2012-01-18,100.61
DCOILWTICO,2012-01-19,100.32
DCOILWTICO,2012-01-20,98.15
DCOILWTICO,2012-01-23,99.47
DCOILWTICO,2012-01-24,98.84
DCOILWTICO,2012-01-25,99.23
DCOILWTICO,2012-01-26,99.76
DCOILWTICO,2012-01-27,99.47
DCOILWTICO,2012-01-30,98.75
DCOILWTICO,2012-01-31,98.46
DCOILWTICO,2012-02-01,97.63
DCOILWTICO,2012-02-02,96.36
DCOILWTICO,2012-02-03,97.8
DCOILWTICO,2012-02-06,96.89
DCOILWTICO,2012-02-07,98.55
DCOILWTICO,2012-02-08,98.8
DCOILWTICO,2012-02-09,99.88
DCOILWTICO,2012-02-10,98.68
DCOILWTICO,2012-02-13,100.39
DCOILWTICO,2012-02-14,100.82
DCOILWTICO,2012-02-15,101.82
DCOILWTICO,2012-02-16,102.33
DCOILWTICO,2012-02-17,103.27
DCOILWTICO,2012-02-20,NA
DCOILWTICO,2012-02-21,105.88
DCOILWTICO,2012-02-22,105.99
DCOILWTICO,2012-02-23,107.44
DCOILWTICO,2012-02-24,109.39
DCOILWTICO,2012-02-27,108.49
DCOILWTICO,2012-02-28,106.59
DCOILWTICO,2012-02-29,107.08
DCOILWTICO,2012-03-01,108.76
DCOILWTICO,2012-03-02,106.68
DCOILWTICO,2012-03-05,106.7
DCOILWTICO,2012-03-06,104.71
DCOILWTICO,2012-03-07,106.16
DCOILWTICO,2012-03-08,106.65
DCOILWTICO,2012-03-09,107.4
DCOILWTICO,2012-03-12,106.34
DCOILWTICO,2012-03-13,106.7
DCOILWTICO,2012-03-14,105.49
DCOILWTICO,2012-03-15,105.19
DCOILWTICO,2012-03-16,107.03
DCOILWTICO,2012-03-19,108.09
DCOILWTICO,2012-03-20,105.68
DCOILWTICO,2012-03-21,106.87
DCOILWTICO,2012-03-22,104.98
DCOILWTICO,2012-03-23,106.43
DCOILWTICO,2012-03-26,107.07
DCOILWTICO,2012-03-27,107.32
DCOILWTICO,2012-03-28,105.4
DCOILWTICO,2012-03-29,102.79
DCOILWTICO,2012-03-30,103.03
DCOILWTICO,2012-04-02,105.25
DCOILWTICO,2012-04-03,104.02
DCOILWTICO,2012-04-04,101.53
DCOILWTICO,2012-04-05,103.29
DCOILWTICO,2012-04-06,NA
DCOILWTICO,2012-04-09,102.45
DCOILWTICO,2012-04-10,101.12
DCOILWTICO,2012-04-11,102.66
DCOILWTICO,2012-04-12,103.69
DCOILWTICO,2012-04-13,102.84
DCOILWTICO,2012-04-16,102.92
DCOILWTICO,2012-04-17,104.23
DCOILWTICO,2012-04-18,102.65
DCOILWTICO,2012-04-19,102.38
DCOILWTICO,2012-04-20,103.58
DCOILWTICO,2012-04-23,102.68
DCOILWTICO,2012-04-24,103.1
DCOILWTICO,2012-04-25,103.72
DCOILWTICO,2012-04-26,104.56
DCOILWTICO,2012-04-27,104.86
DCOILWTICO,2012-04-30,104.89
DCOILWTICO,2012-05-01,106.17
DCOILWTICO,2012-05-02,105.25
DCOILWTICO,2012-05-03,102.56
DCOILWTICO,2012-05-04,98.49
DCOILWTICO,2012-05-07,97.86
DCOILWTICO,2012-05-08,97.13
DCOILWTICO,2012-05-09,96.8
DCOILWTICO,2012-05-10,97.1
DCOILWTICO,2012-05-11,96.03
DCOILWTICO,2012-05-14,94.75
DCOILWTICO,2012-05-15,93.97
DCOILWTICO,2012-05-16,92.78
DCOILWTICO,2012-05-17,92.53
DCOILWTICO,2012-05-18,91.51
DCOILWTICO,2012-05-21,92.57
DCOILWTICO,2012-05-22,91.44
DCOILWTICO,2012-05-23,89.4
DCOILWTICO,2012-05-24,90.36
DCOILWTICO,2012-05-25,90.64
DCOILWTICO,2012-05-28,NA
DCOILWTICO,2012-05-29,90.75
DCOILWTICO,2012-05-30,87.79
DCOILWTICO,2012-05-31,86.52
DCOILWTICO,2012-06-01,83.17
DCOILWTICO,2012-06-04,83.95
DCOILWTICO,2012-06-05,84.31
DCOILWTICO,2012-06-06,85.05
DCOILWTICO,2012-06-07,84.78
DCOILWTICO,2012-06-08,84.08
DCOILWTICO,2012-06-11,82.58
DCOILWTICO,2012-06-12,83.35
DCOILWTICO,2012-06-13,82.56
DCOILWTICO,2012-06-14,83.83
DCOILWTICO,2012-06-15,84.03
DCOILWTICO,2012-06-18,83.26
DCOILWTICO,2012-06-19,83.99
DCOILWTICO,2012-06-20,81.06
DCOILWTICO,2012-06-21,77.91
DCOILWTICO,2012-06-22,79.33
DCOILWTICO,2012-06-25,78.76
DCOILWTICO,2012-06-26,79.34
DCOILWTICO,2012-06-27,80.27
DCOILWTICO,2012-06-28,77.72
DCOILWTICO,2012-06-29,85.04
DCOILWTICO,2012-07-02,83.72
DCOILWTICO,2012-07-03,87.74
DCOILWTICO,2012-07-04,NA
DCOILWTICO,2012-07-05,87.11
DCOILWTICO,2012-07-06,84.37
DCOILWTICO,2012-07-09,85.93
DCOILWTICO,2012-07-10,83.92
DCOILWTICO,2012-07-11,85.88
DCOILWTICO,2012-07-12,86.02
DCOILWTICO,2012-07-13,87.15
DCOILWTICO,2012-07-16,88.41
DCOILWTICO,2012-07-17,89.07
DCOILWTICO,2012-07-18,89.88
DCOILWTICO,2012-07-19,92.78
DCOILWTICO,2012-07-20,91.56
DCOILWTICO,2012-07-23,87.77
DCOILWTICO,2012-07-24,88.28
DCOILWTICO,2012-07-25,88.8
DCOILWTICO,2012-07-26,89.4
DCOILWTICO,2012-07-27,90.13
DCOILWTICO,2012-07-30,89.8
DCOILWTICO,2012-07-31,88.08
DCOILWTICO,2012-08-01,88.99
DCOILWTICO,2012-08-02,87.22
DCOILWTICO,2012-08-03,91.4
DCOILWTICO,2012-08-06,92.3
DCOILWTICO,2012-08-07,93.68
DCOILWTICO,2012-08-08,93.39
DCOILWTICO,2012-08-09,93.39
DCOILWTICO,2012-08-10,92.94
DCOILWTICO,2012-08-13,92.76
DCOILWTICO,2012-08-14,93.4
DCOILWTICO,2012-08-15,94.35
DCOILWTICO,2012-08-16,95.66
DCOILWTICO,2012-08-17,96
DCOILWTICO,2012-08-20,96.03
DCOILWTICO,2012-08-21,96.55
DCOILWTICO,2012-08-22,96.89
DCOILWTICO,2012-08-23,95.87
DCOILWTICO,2012-08-24,95.78
DCOILWTICO,2012-08-27,95.54
DCOILWTICO,2012-08-28,96.3
DCOILWTICO,2012-08-29,95.5
DCOILWTICO,2012-08-30,94.61
DCOILWTICO,2012-08-31,96.47
DCOILWTICO,2012-09-03,NA
DCOILWTICO,2012-09-04,95.34
DCOILWTICO,2012-09-05,95.37
DCOILWTICO,2012-09-06,95.58
DCOILWTICO,2012-09-07,96.41
DCOILWTICO,2012-09-10,96.52
DCOILWTICO,2012-09-11,97.03
DCOILWTICO,2012-09-12,97.02
DCOILWTICO,2012-09-13,98.3
DCOILWTICO,2012-09-14,98.94
DCOILWTICO,2012-09-17,96.51
DCOILWTICO,2012-09-18,95.25
DCOILWTICO,2012-09-19,91.97
DCOILWTICO,2012-09-20,92.14
DCOILWTICO,2012-09-21,92.64
DCOILWTICO,2012-09-24,91.68
DCOILWTICO,2012-09-25,91.07
DCOILWTICO,2012-09-26,89.92
DCOILWTICO,2012-09-27,91.89
DCOILWTICO,2012-09-28,92.18
DCOILWTICO,2012-10-01,92.44
DCOILWTICO,2012-10-02,91.88
DCOILWTICO,2012-10-03,88.19
DCOILWTICO,2012-10-04,91.69
DCOILWTICO,2012-10-05,89.87
DCOILWTICO,2012-10-08,89.43
DCOILWTICO,2012-10-09,92.42
DCOILWTICO,2012-10-10,91.24
DCOILWTICO,2012-10-11,92.19
DCOILWTICO,2012-10-12,91.83
DCOILWTICO,2012-10-15,91.84
DCOILWTICO,2012-10-16,92.07
DCOILWTICO,2012-10-17,92.04
DCOILWTICO,2012-10-18,92
DCOILWTICO,2012-10-19,90
DCOILWTICO,2012-10-22,88.3
DCOILWTICO,2012-10-23,86.65
DCOILWTICO,2012-10-24,85.39
DCOILWTICO,2012-10-25,85.59
DCOILWTICO,2012-10-26,85.84
DCOILWTICO,2012-10-29,85.52
DCOILWTICO,2012-10-30,85.65
DCOILWTICO,2012-10-31,86.23
DCOILWTICO,2012-11-01,87.05
DCOILWTICO,2012-11-02,84.9
DCOILWTICO,2012-11-05,85.64
DCOILWTICO,2012-11-06,88.62
DCOILWTICO,2012-11-07,84.5
DCOILWTICO,2012-11-08,85.07
DCOILWTICO,2012-11-09,86.08
DCOILWTICO,2012-11-12,85.56
DCOILWTICO,2012-11-13,85.38
DCOILWTICO,2012-11-14,86.32
DCOILWTICO,2012-11-15,85.45
DCOILWTICO,2012-11-16,86.62
DCOILWTICO,2012-11-19,89.05
DCOILWTICO,2012-11-20,86.46
DCOILWTICO,2012-11-21,87.08
DCOILWTICO,2012-11-22,NA
DCOILWTICO,2012-11-23,87.01
DCOILWTICO,2012-11-26,87.28
DCOILWTICO,2012-11-27,86.81
DCOILWTICO,2012-11-28,86.1
DCOILWTICO,2012-11-29,87.64
DCOILWTICO,2012-11-30,88.54
DCOILWTICO,2012-12-03,88.69
DCOILWTICO,2012-12-04,88.04
DCOILWTICO,2012-12-05,87.36
DCOILWTICO,2012-12-06,85.47
DCOILWTICO,2012-12-07,85.45
DCOILWTICO,2012-12-10,85.14
DCOILWTICO,2012-12-11,85.36
DCOILWTICO,2012-12-12,86.35
DCOILWTICO,2012-12-13,85.39
DCOILWTICO,2012-12-14,86.32
DCOILWTICO,2012-12-17,86.71
DCOILWTICO,2012-12-18,87.46
DCOILWTICO,2012-12-19,89.09
DCOILWTICO,2012-12-20,89.76
DCOILWTICO,2012-12-21,88.2
DCOILWTICO,2012-12-24,88.29
DCOILWTICO,2012-12-25,NA
DCOILWTICO,2012-12-26,90.71
DCOILWTICO,2012-12-27,90.91
DCOILWTICO,2012-12-28,90.66
DCOILWTICO,2012-12-31,91.83
DCOILWTICO,2013-01-01,NA
DCOILWTICO,2013-01-02,93.14
DCOILWTICO,2013-01-03,92.97
DCOILWTICO,2013-01-04,93.12
DCOILWTICO,2013-01-07,93.2
DCOILWTICO,2013-01-08,93.21
DCOILWTICO,2013-01-09,93.08
DCOILWTICO,2013-01-10,93.81
DCOILWTICO,2013-01-11,93.6
DCOILWTICO,2013-01-14,94.27
DCOILWTICO,2013-01-15,93.26
DCOILWTICO,2013-01-16,94.28
DCOILWTICO,2013-01-17,95.49
DCOILWTICO,2013-01-18,95.61
DCOILWTICO,2013-01-21,NA
DCOILWTICO,2013-01-22,96.09
DCOILWTICO,2013-01-23,95.06
DCOILWTICO,2013-01-24,95.35
DCOILWTICO,2013-01-25,95.15
DCOILWTICO,2013-01-28,95.95
DCOILWTICO,2013-01-29,97.62
DCOILWTICO,2013-01-30,97.98
DCOILWTICO,2013-01-31,97.65
DCOILWTICO,2013-02-01,97.46
DCOILWTICO,2013-02-04,96.21
DCOILWTICO,2013-02-05,96.68
DCOILWTICO,2013-02-06,96.44
DCOILWTICO,2013-02-07,95.84
DCOILWTICO,2013-02-08,95.71
DCOILWTICO,2013-02-11,97.01
DCOILWTICO,2013-02-12,97.48
DCOILWTICO,2013-02-13,97.03
DCOILWTICO,2013-02-14,97.3
DCOILWTICO,2013-02-15,95.95
DCOILWTICO,2013-02-18,NA
DCOILWTICO,2013-02-19,96.69
DCOILWTICO,2013-02-20,94.92
DCOILWTICO,2013-02-21,92.79
DCOILWTICO,2013-02-22,93.12
DCOILWTICO,2013-02-25,92.74
DCOILWTICO,2013-02-26,92.63
DCOILWTICO,2013-02-27,92.84
DCOILWTICO,2013-02-28,92.03
DCOILWTICO,2013-03-01,90.71
DCOILWTICO,2013-03-04,90.13
DCOILWTICO,2013-03-05,90.88
DCOILWTICO,2013-03-06,90.47
DCOILWTICO,2013-03-07,91.53
DCOILWTICO,2013-03-08,92.01
DCOILWTICO,2013-03-11,92.07
DCOILWTICO,2013-03-12,92.44
DCOILWTICO,2013-03-13,92.47
DCOILWTICO,2013-03-14,93.03
DCOILWTICO,2013-03-15,93.49
DCOILWTICO,2013-03-18,93.71
DCOILWTICO,2013-03-19,92.44
DCOILWTICO,2013-03-20,93.21
DCOILWTICO,2013-03-21,92.46
DCOILWTICO,2013-03-22,93.41
DCOILWTICO,2013-03-25,94.55
DCOILWTICO,2013-03-26,95.99
DCOILWTICO,2013-03-27,96.53
DCOILWTICO,2013-03-28,97.24
DCOILWTICO,2013-03-29,NA
DCOILWTICO,2013-04-01,97.1
DCOILWTICO,2013-04-02,97.23
DCOILWTICO,2013-04-03,95.02
DCOILWTICO,2013-04-04,93.26
DCOILWTICO,2013-04-05,92.76
DCOILWTICO,2013-04-08,93.36
DCOILWTICO,2013-04-09,94.18
DCOILWTICO,2013-04-10,94.59
DCOILWTICO,2013-04-11,93.44
DCOILWTICO,2013-04-12,91.23
DCOILWTICO,2013-04-15,88.75
DCOILWTICO,2013-04-16,88.73
DCOILWTICO,2013-04-17,86.65
DCOILWTICO,2013-04-18,87.83
DCOILWTICO,2013-04-19,88.04
DCOILWTICO,2013-04-22,88.81
DCOILWTICO,2013-04-23,89.21
DCOILWTICO,2013-04-24,91.07
DCOILWTICO,2013-04-25,93.27
DCOILWTICO,2013-04-26,92.63
DCOILWTICO,2013-04-29,94.09
DCOILWTICO,2013-04-30,93.22
DCOILWTICO,2013-05-01,90.74
DCOILWTICO,2013-05-02,93.7
DCOILWTICO,2013-05-03,95.25
DCOILWTICO,2013-05-06,95.8
DCOILWTICO,2013-05-07,95.28
DCOILWTICO,2013-05-08,96.24
DCOILWTICO,2013-05-09,96.09
DCOILWTICO,2013-05-10,95.81
DCOILWTICO,2013-05-13,94.76
DCOILWTICO,2013-05-14,93.96
DCOILWTICO,2013-05-15,93.95
DCOILWTICO,2013-05-16,94.85
DCOILWTICO,2013-05-17,95.72
DCOILWTICO,2013-05-20,96.29
DCOILWTICO,2013-05-21,95.55
DCOILWTICO,2013-05-22,93.98
DCOILWTICO,2013-05-23,94.12
DCOILWTICO,2013-05-24,93.84
DCOILWTICO,2013-05-27,NA
DCOILWTICO,2013-05-28,94.65
DCOILWTICO,2013-05-29,93.13
DCOILWTICO,2013-05-30,93.57
DCOILWTICO,2013-05-31,91.93
DCOILWTICO,2013-06-03,93.41
DCOILWTICO,2013-06-04,93.36
DCOILWTICO,2013-06-05,93.66
DCOILWTICO,2013-06-06,94.71
DCOILWTICO,2013-06-07,96.11
DCOILWTICO,2013-06-10,95.82
DCOILWTICO,2013-06-11,95.5
DCOILWTICO,2013-06-12,95.98
DCOILWTICO,2013-06-13,96.66
DCOILWTICO,2013-06-14,97.83
DCOILWTICO,2013-06-17,97.86
DCOILWTICO,2013-06-18,98.46
DCOILWTICO,2013-06-19,98.24
DCOILWTICO,2013-06-20,94.89
DCOILWTICO,2013-06-21,93.81
DCOILWTICO,2013-06-24,95.07
DCOILWTICO,2013-06-25,95.25
DCOILWTICO,2013-06-26,95.47
DCOILWTICO,2013-06-27,97
DCOILWTICO,2013-06-28,96.36
DCOILWTICO,2013-07-01,97.94
DCOILWTICO,2013-07-02,99.65
DCOILWTICO,2013-07-03,101.92
DCOILWTICO,2013-07-04,NA
DCOILWTICO,2013-07-05,103.09
DCOILWTICO,2013-07-08,103.03
DCOILWTICO,2013-07-09,103.46
DCOILWTICO,2013-07-10,106.41
DCOILWTICO,2013-07-11,104.77
DCOILWTICO,2013-07-12,105.85
DCOILWTICO,2013-07-15,106.2
DCOILWTICO,2013-07-16,105.88
DCOILWTICO,2013-07-17,106.39
DCOILWTICO,2013-07-18,107.94
DCOILWTICO,2013-07-19,108
DCOILWTICO,2013-07-22,106.61
DCOILWTICO,2013-07-23,107.13
DCOILWTICO,2013-07-24,105.41
DCOILWTICO,2013-07-25,105.47
DCOILWTICO,2013-07-26,104.76
DCOILWTICO,2013-07-29,104.61
DCOILWTICO,2013-07-30,103.14
DCOILWTICO,2013-07-31,105.1
DCOILWTICO,2013-08-01,107.93
DCOILWTICO,2013-08-02,106.94
DCOILWTICO,2013-08-05,106.61
DCOILWTICO,2013-08-06,105.32
DCOILWTICO,2013-08-07,104.41
DCOILWTICO,2013-08-08,103.45
DCOILWTICO,2013-08-09,106.04
DCOILWTICO,2013-08-12,106.19
DCOILWTICO,2013-08-13,106.78
DCOILWTICO,2013-08-14,106.89
DCOILWTICO,2013-08-15,107.43
DCOILWTICO,2013-08-16,107.58
DCOILWTICO,2013-08-19,107.14
DCOILWTICO,2013-08-20,104.9
DCOILWTICO,2013-08-21,103.93
DCOILWTICO,2013-08-22,104.93
DCOILWTICO,2013-08-23,106.48
DCOILWTICO,2013-08-26,105.88
DCOILWTICO,2013-08-27,109.11
DCOILWTICO,2013-08-28,110.17
DCOILWTICO,2013-08-29,108.51
DCOILWTICO,2013-08-30,107.98
DCOILWTICO,2013-09-02,NA
DCOILWTICO,2013-09-03,108.67
DCOILWTICO,2013-09-04,107.29
DCOILWTICO,2013-09-05,108.5
DCOILWTICO,2013-09-06,110.62
DCOILWTICO,2013-09-09,109.62
DCOILWTICO,2013-09-10,107.48
DCOILWTICO,2013-09-11,107.65
DCOILWTICO,2013-09-12,108.72
DCOILWTICO,2013-09-13,108.31
DCOILWTICO,2013-09-16,106.54
DCOILWTICO,2013-09-17,105.36
DCOILWTICO,2013-09-18,108.23
DCOILWTICO,2013-09-19,106.26
DCOILWTICO,2013-09-20,104.7
DCOILWTICO,2013-09-23,103.62
DCOILWTICO,2013-09-24,103.22
DCOILWTICO,2013-09-25,102.68
DCOILWTICO,2013-09-26,103.1
DCOILWTICO,2013-09-27,102.86
DCOILWTICO,2013-09-30,102.36
DCOILWTICO,2013-10-01,102.09
DCOILWTICO,2013-10-02,104.15
DCOILWTICO,2013-10-03,103.29
DCOILWTICO,2013-10-04,103.83
DCOILWTICO,2013-10-07,103.07
DCOILWTICO,2013-10-08,103.54
DCOILWTICO,2013-10-09,101.63
DCOILWTICO,2013-10-10,103.08
DCOILWTICO,2013-10-11,102.17
DCOILWTICO,2013-10-14,102.46
DCOILWTICO,2013-10-15,101.15
DCOILWTICO,2013-10-16,102.34
DCOILWTICO,2013-10-17,100.72
DCOILWTICO,2013-10-18,100.87
DCOILWTICO,2013-10-21,99.28
DCOILWTICO,2013-10-22,97.63
DCOILWTICO,2013-10-23,96.9
DCOILWTICO,2013-10-24,96.65
DCOILWTICO,2013-10-25,97.4
DCOILWTICO,2013-10-28,98.74
DCOILWTICO,2013-10-29,98.29
DCOILWTICO,2013-10-30,96.81
DCOILWTICO,2013-10-31,96.29
DCOILWTICO,2013-11-01,94.56
DCOILWTICO,2013-11-04,94.58
DCOILWTICO,2013-11-05,93.4
DCOILWTICO,2013-11-06,94.74
DCOILWTICO,2013-11-07,94.25
DCOILWTICO,2013-11-08,94.56
DCOILWTICO,2013-11-11,95.13
DCOILWTICO,2013-11-12,93.12
DCOILWTICO,2013-11-13,93.91
DCOILWTICO,2013-11-14,93.76
DCOILWTICO,2013-11-15,93.8
DCOILWTICO,2013-11-18,93.03
DCOILWTICO,2013-11-19,93.35
DCOILWTICO,2013-11-20,93.34
DCOILWTICO,2013-11-21,95.35
DCOILWTICO,2013-11-22,94.53
DCOILWTICO,2013-11-25,93.86
DCOILWTICO,2013-11-26,93.41
DCOILWTICO,2013-11-27,92.05
DCOILWTICO,2013-11-28,NA
DCOILWTICO,2013-11-29,92.55
DCOILWTICO,2013-12-02,93.61
DCOILWTICO,2013-12-03,95.83
DCOILWTICO,2013-12-04,96.97
DCOILWTICO,2013-12-05,97.14
DCOILWTICO,2013-12-06,97.48
DCOILWTICO,2013-12-09,97.1
DCOILWTICO,2013-12-10,98.32
DCOILWTICO,2013-12-11,97.25
DCOILWTICO,2013-12-12,97.21
DCOILWTICO,2013-12-13,96.27
DCOILWTICO,2013-12-16,97.18
DCOILWTICO,2013-12-17,96.99
DCOILWTICO,2013-12-18,97.59
DCOILWTICO,2013-12-19,98.4
DCOILWTICO,2013-12-20,99.11
DCOILWTICO,2013-12-23,98.62
DCOILWTICO,2013-12-24,98.87
DCOILWTICO,2013-12-25,NA
DCOILWTICO,2013-12-26,99.18
DCOILWTICO,2013-12-27,99.94
DCOILWTICO,2013-12-30,98.9
DCOILWTICO,2013-12-31,98.17
DCOILWTICO,2014-01-01,NA
DCOILWTICO,2014-01-02,95.14
DCOILWTICO,2014-01-03,93.66
DCOILWTICO,2014-01-06,93.12
DCOILWTICO,2014-01-07,93.31
DCOILWTICO,2014-01-08,91.9
DCOILWTICO,2014-01-09,91.36
DCOILWTICO,2014-01-10,92.39
DCOILWTICO,2014-01-13,91.45
DCOILWTICO,2014-01-14,92.15
DCOILWTICO,2014-01-15,93.78
DCOILWTICO,2014-01-16,93.54
DCOILWTICO,2014-01-17,93.96
DCOILWTICO,2014-01-20,NA
DCOILWTICO,2014-01-21,94.51
DCOILWTICO,2014-01-22,96.35
DCOILWTICO,2014-01-23,97.23
DCOILWTICO,2014-01-24,96.66
DCOILWTICO,2014-01-27,95.82
DCOILWTICO,2014-01-28,97.49
DCOILWTICO,2014-01-29,97.34
DCOILWTICO,2014-01-30,98.25
DCOILWTICO,2014-01-31,97.55
DCOILWTICO,2014-02-03,96.44
DCOILWTICO,2014-02-04,97.24
DCOILWTICO,2014-02-05,97.4
DCOILWTICO,2014-02-06,97.84
DCOILWTICO,2014-02-07,99.98
DCOILWTICO,2014-02-10,100.12
DCOILWTICO,2014-02-11,99.96
DCOILWTICO,2014-02-12,100.38
DCOILWTICO,2014-02-13,100.27
DCOILWTICO,2014-02-14,100.31
DCOILWTICO,2014-02-17,NA
DCOILWTICO,2014-02-18,102.54
DCOILWTICO,2014-02-19,103.46
DCOILWTICO,2014-02-20,103.2
DCOILWTICO,2014-02-21,102.53
DCOILWTICO,2014-02-24,103.17
DCOILWTICO,2014-02-25,102.2
DCOILWTICO,2014-02-26,102.93
DCOILWTICO,2014-02-27,102.68
DCOILWTICO,2014-02-28,102.88
DCOILWTICO,2014-03-03,105.34
DCOILWTICO,2014-03-04,103.64
DCOILWTICO,2014-03-05,101.75
DCOILWTICO,2014-03-06,101.82
DCOILWTICO,2014-03-07,102.82
DCOILWTICO,2014-03-10,101.39
DCOILWTICO,2014-03-11,100.29
DCOILWTICO,2014-03-12,98.29
DCOILWTICO,2014-03-13,98.57
DCOILWTICO,2014-03-14,99.23
DCOILWTICO,2014-03-17,98.43
DCOILWTICO,2014-03-18,100.08
DCOILWTICO,2014-03-19,100.71
DCOILWTICO,2014-03-20,99.68
DCOILWTICO,2014-03-21,99.97
DCOILWTICO,2014-03-24,100.05
DCOILWTICO,2014-03-25,99.66
DCOILWTICO,2014-03-26,100.61
DCOILWTICO,2014-03-27,101.25
DCOILWTICO,2014-03-28,101.73
DCOILWTICO,2014-03-31,101.57
DCOILWTICO,2014-04-01,99.69
DCOILWTICO,2014-04-02,99.6
DCOILWTICO,2014-04-03,100.29
DCOILWTICO,2014-04-04,101.16
DCOILWTICO,2014-04-07,100.43
DCOILWTICO,2014-04-08,102.57
DCOILWTICO,2014-04-09,103.55
DCOILWTICO,2014-04-10,103.37
DCOILWTICO,2014-04-11,103.68
DCOILWTICO,2014-04-14,104.05
DCOILWTICO,2014-04-15,103.7
DCOILWTICO,2014-04-16,103.71
DCOILWTICO,2014-04-17,104.33
DCOILWTICO,2014-04-18,NA
DCOILWTICO,2014-04-21,104.35
DCOILWTICO,2014-04-22,101.69
DCOILWTICO,2014-04-23,101.47
DCOILWTICO,2014-04-24,102.2
DCOILWTICO,2014-04-25,100.85
DCOILWTICO,2014-04-28,101.13
DCOILWTICO,2014-04-29,101.56
DCOILWTICO,2014-04-30,100.07
DCOILWTICO,2014-05-01,99.69
DCOILWTICO,2014-05-02,100.09
DCOILWTICO,2014-05-05,99.74
DCOILWTICO,2014-05-06,99.81
DCOILWTICO,2014-05-07,101.06
DCOILWTICO,2014-05-08,100.52
DCOILWTICO,2014-05-09,100.32
DCOILWTICO,2014-05-12,100.89
DCOILWTICO,2014-05-13,102.01
DCOILWTICO,2014-05-14,102.63
DCOILWTICO,2014-05-15,101.74
DCOILWTICO,2014-05-16,102.31
DCOILWTICO,2014-05-19,102.95
DCOILWTICO,2014-05-20,102.8
DCOILWTICO,2014-05-21,104.31
DCOILWTICO,2014-05-22,104.03
DCOILWTICO,2014-05-23,105.01
DCOILWTICO,2014-05-26,NA
DCOILWTICO,2014-05-27,104.78
DCOILWTICO,2014-05-28,103.37
DCOILWTICO,2014-05-29,104.26
DCOILWTICO,2014-05-30,103.4
DCOILWTICO,2014-06-02,103.07
DCOILWTICO,2014-06-03,103.34
DCOILWTICO,2014-06-04,103.27
DCOILWTICO,2014-06-05,103.17
DCOILWTICO,2014-06-06,103.32
DCOILWTICO,2014-06-09,105.09
DCOILWTICO,2014-06-10,105.02
DCOILWTICO,2014-06-11,105.04
DCOILWTICO,2014-06-12,107.2
DCOILWTICO,2014-06-13,107.49
DCOILWTICO,2014-06-16,107.52
DCOILWTICO,2014-06-17,106.95
DCOILWTICO,2014-06-18,106.64
DCOILWTICO,2014-06-19,107.08
DCOILWTICO,2014-06-20,107.95
DCOILWTICO,2014-06-23,106.83
DCOILWTICO,2014-06-24,106.64
DCOILWTICO,2014-06-25,107.04
DCOILWTICO,2014-06-26,106.49
DCOILWTICO,2014-06-27,106.46
DCOILWTICO,2014-06-30,106.07
DCOILWTICO,2014-07-01,106.06
DCOILWTICO,2014-07-02,105.18
DCOILWTICO,2014-07-03,104.76
DCOILWTICO,2014-07-04,NA
DCOILWTICO,2014-07-07,104.19
DCOILWTICO,2014-07-08,104.06
DCOILWTICO,2014-07-09,102.93
DCOILWTICO,2014-07-10,103.61
DCOILWTICO,2014-07-11,101.48
DCOILWTICO,2014-07-14,101.73
DCOILWTICO,2014-07-15,100.56
DCOILWTICO,2014-07-16,101.88
DCOILWTICO,2014-07-17,103.84
DCOILWTICO,2014-07-18,103.83
DCOILWTICO,2014-07-21,105.34
DCOILWTICO,2014-07-22,104.59
DCOILWTICO,2014-07-23,103.81
DCOILWTICO,2014-07-24,102.76
DCOILWTICO,2014-07-25,105.23
DCOILWTICO,2014-07-28,105.68
DCOILWTICO,2014-07-29,104.91
DCOILWTICO,2014-07-30,104.29
DCOILWTICO,2014-07-31,98.23
DCOILWTICO,2014-08-01,97.86
DCOILWTICO,2014-08-04,98.26
DCOILWTICO,2014-08-05,97.34
DCOILWTICO,2014-08-06,96.93
DCOILWTICO,2014-08-07,97.34
DCOILWTICO,2014-08-08,97.61
DCOILWTICO,2014-08-11,98.09
DCOILWTICO,2014-08-12,97.36
DCOILWTICO,2014-08-13,97.57
DCOILWTICO,2014-08-14,95.54
DCOILWTICO,2014-08-15,97.3
DCOILWTICO,2014-08-18,96.44
DCOILWTICO,2014-08-19,94.35
DCOILWTICO,2014-08-20,96.4
DCOILWTICO,2014-08-21,93.97
DCOILWTICO,2014-08-22,93.61
DCOILWTICO,2014-08-25,95.39
DCOILWTICO,2014-08-26,95.78
DCOILWTICO,2014-08-27,95.82
DCOILWTICO,2014-08-28,96.44
DCOILWTICO,2014-08-29,97.86
DCOILWTICO,2014-09-01,NA
DCOILWTICO,2014-09-02,92.92
DCOILWTICO,2014-09-03,95.5
DCOILWTICO,2014-09-04,94.51
DCOILWTICO,2014-09-05,93.32
DCOILWTICO,2014-09-08,92.64
DCOILWTICO,2014-09-09,92.73
DCOILWTICO,2014-09-10,91.71
DCOILWTICO,2014-09-11,92.89
DCOILWTICO,2014-09-12,92.18
DCOILWTICO,2014-09-15,92.86
DCOILWTICO,2014-09-16,94.91
DCOILWTICO,2014-09-17,94.33
DCOILWTICO,2014-09-18,93.07
DCOILWTICO,2014-09-19,92.43
DCOILWTICO,2014-09-22,91.46
DCOILWTICO,2014-09-23,91.55
DCOILWTICO,2014-09-24,93.6
DCOILWTICO,2014-09-25,93.59
DCOILWTICO,2014-09-26,95.55
DCOILWTICO,2014-09-29,94.53
DCOILWTICO,2014-09-30,91.17
DCOILWTICO,2014-10-01,90.74
DCOILWTICO,2014-10-02,91.02
DCOILWTICO,2014-10-03,89.76
DCOILWTICO,2014-10-06,90.33
DCOILWTICO,2014-10-07,88.89
DCOILWTICO,2014-10-08,87.29
DCOILWTICO,2014-10-09,85.76
DCOILWTICO,2014-10-10,85.87
DCOILWTICO,2014-10-13,85.73
DCOILWTICO,2014-10-14,81.72
DCOILWTICO,2014-10-15,81.82
DCOILWTICO,2014-10-16,82.33
DCOILWTICO,2014-10-17,82.8
DCOILWTICO,2014-10-20,82.76
DCOILWTICO,2014-10-21,83.25
DCOILWTICO,2014-10-22,80.52
DCOILWTICO,2014-10-23,82.81
DCOILWTICO,2014-10-24,81.27
DCOILWTICO,2014-10-27,81.26
DCOILWTICO,2014-10-28,81.36
DCOILWTICO,2014-10-29,82.25
DCOILWTICO,2014-10-30,81.06
DCOILWTICO,2014-10-31,80.53
DCOILWTICO,2014-11-03,78.77
DCOILWTICO,2014-11-04,77.15
DCOILWTICO,2014-11-05,78.71
DCOILWTICO,2014-11-06,77.87
DCOILWTICO,2014-11-07,78.71
DCOILWTICO,2014-11-10,77.43
DCOILWTICO,2014-11-11,77.85
DCOILWTICO,2014-11-12,77.16
DCOILWTICO,2014-11-13,74.13
DCOILWTICO,2014-11-14,75.91
DCOILWTICO,2014-11-17,75.64
DCOILWTICO,2014-11-18,74.55
DCOILWTICO,2014-11-19,74.55
DCOILWTICO,2014-11-20,75.63
DCOILWTICO,2014-11-21,76.52
DCOILWTICO,2014-11-24,75.74
DCOILWTICO,2014-11-25,74.04
DCOILWTICO,2014-11-26,73.7
DCOILWTICO,2014-11-27,NA
DCOILWTICO,2014-11-28,65.94
DCOILWTICO,2014-12-01,68.98
DCOILWTICO,2014-12-02,66.99
DCOILWTICO,2014-12-03,67.3
DCOILWTICO,2014-12-04,66.73
DCOILWTICO,2014-12-05,65.89
DCOILWTICO,2014-12-08,63.13
DCOILWTICO,2014-12-09,63.74
DCOILWTICO,2014-12-10,60.99
DCOILWTICO,2014-12-11,60.01
DCOILWTICO,2014-12-12,57.81
DCOILWTICO,2014-12-15,55.96
DCOILWTICO,2014-12-16,55.97
DCOILWTICO,2014-12-17,56.43
DCOILWTICO,2014-12-18,54.18
DCOILWTICO,2014-12-19,56.91
DCOILWTICO,2014-12-22,55.25
DCOILWTICO,2014-12-23,56.78
DCOILWTICO,2014-12-24,55.7
DCOILWTICO,2014-12-25,NA
DCOILWTICO,2014-12-26,54.59
DCOILWTICO,2014-12-29,53.46
DCOILWTICO,2014-12-30,54.14
DCOILWTICO,2014-12-31,53.45
DCOILWTICO,2015-01-01,NA
DCOILWTICO,2015-01-02,52.72
DCOILWTICO,2015-01-05,50.05
DCOILWTICO,2015-01-06,47.98
DCOILWTICO,2015-01-07,48.69
DCOILWTICO,2015-01-08,48.8
DCOILWTICO,2015-01-09,48.35
DCOILWTICO,2015-01-12,46.06
DCOILWTICO,2015-01-13,45.92
DCOILWTICO,2015-01-14,48.49
DCOILWTICO,2015-01-15,46.37
DCOILWTICO,2015-01-16,48.49
DCOILWTICO,2015-01-19,NA
DCOILWTICO,2015-01-20,46.79
DCOILWTICO,2015-01-21,47.85
DCOILWTICO,2015-01-22,45.93
DCOILWTICO,2015-01-23,45.26
DCOILWTICO,2015-01-26,44.8
DCOILWTICO,2015-01-27,45.84
DCOILWTICO,2015-01-28,44.08
DCOILWTICO,2015-01-29,44.12
DCOILWTICO,2015-01-30,47.79
DCOILWTICO,2015-02-02,49.25
DCOILWTICO,2015-02-03,53.04
DCOILWTICO,2015-02-04,48.45
DCOILWTICO,2015-02-05,50.48
DCOILWTICO,2015-02-06,51.66
DCOILWTICO,2015-02-09,52.99
DCOILWTICO,2015-02-10,50.06
DCOILWTICO,2015-02-11,48.8
DCOILWTICO,2015-02-12,51.17
DCOILWTICO,2015-02-13,52.66
DCOILWTICO,2015-02-16,NA
DCOILWTICO,2015-02-17,53.56
DCOILWTICO,2015-02-18,52.13
DCOILWTICO,2015-02-19,51.12
DCOILWTICO,2015-02-20,49.95
DCOILWTICO,2015-02-23,49.56
DCOILWTICO,2015-02-24,48.48
DCOILWTICO,2015-02-25,50.25
DCOILWTICO,2015-02-26,47.65
DCOILWTICO,2015-02-27,49.84
DCOILWTICO,2015-03-02,49.59
DCOILWTICO,2015-03-03,50.43
DCOILWTICO,2015-03-04,51.53
DCOILWTICO,2015-03-05,50.76
DCOILWTICO,2015-03-06,49.61
DCOILWTICO,2015-03-09,49.95
DCOILWTICO,2015-03-10,48.42
DCOILWTICO,2015-03-11,48.06
DCOILWTICO,2015-03-12,47.12
DCOILWTICO,2015-03-13,44.88
DCOILWTICO,2015-03-16,43.93
DCOILWTICO,2015-03-17,43.39
DCOILWTICO,2015-03-18,44.63
DCOILWTICO,2015-03-19,44.02
DCOILWTICO,2015-03-20,46
DCOILWTICO,2015-03-23,47.4
DCOILWTICO,2015-03-24,47.03
DCOILWTICO,2015-03-25,48.75
DCOILWTICO,2015-03-26,51.41
DCOILWTICO,2015-03-27,48.83
DCOILWTICO,2015-03-30,48.66
DCOILWTICO,2015-03-31,47.72
DCOILWTICO,2015-04-01,50.12
DCOILWTICO,2015-04-02,49.13
DCOILWTICO,2015-04-03,NA
DCOILWTICO,2015-04-06,52.08
DCOILWTICO,2015-04-07,53.95
DCOILWTICO,2015-04-08,50.44
DCOILWTICO,2015-04-09,50.79
DCOILWTICO,2015-04-10,51.63
DCOILWTICO,2015-04-13,51.95
DCOILWTICO,2015-04-14,53.3
DCOILWTICO,2015-04-15,56.25
DCOILWTICO,2015-04-16,56.69
DCOILWTICO,2015-04-17,55.71
DCOILWTICO,2015-04-20,56.37
DCOILWTICO,2015-04-21,55.58
DCOILWTICO,2015-04-22,56.17
DCOILWTICO,2015-04-23,56.59
DCOILWTICO,2015-04-24,55.98
DCOILWTICO,2015-04-27,55.56
DCOILWTICO,2015-04-28,57.05
DCOILWTICO,2015-04-29,58.55
DCOILWTICO,2015-04-30,59.62
DCOILWTICO,2015-05-01,59.1
DCOILWTICO,2015-05-04,58.92
DCOILWTICO,2015-05-05,60.38
DCOILWTICO,2015-05-06,60.93
DCOILWTICO,2015-05-07,58.99
DCOILWTICO,2015-05-08,59.41
DCOILWTICO,2015-05-11,59.23
DCOILWTICO,2015-05-12,60.72
DCOILWTICO,2015-05-13,60.5
DCOILWTICO,2015-05-14,59.89
DCOILWTICO,2015-05-15,59.73
DCOILWTICO,2015-05-18,59.44
DCOILWTICO,2015-05-19,57.3
DCOILWTICO,2015-05-20,58.96
DCOILWTICO,2015-05-21,60.18
DCOILWTICO,2015-05-22,58.88
DCOILWTICO,2015-05-25,NA
DCOILWTICO,2015-05-26,57.29
DCOILWTICO,2015-05-27,57.51
DCOILWTICO,2015-05-28,57.69
DCOILWTICO,2015-05-29,60.25
DCOILWTICO,2015-06-01,60.24
DCOILWTICO,2015-06-02,61.3
DCOILWTICO,2015-06-03,59.67
DCOILWTICO,2015-06-04,58
DCOILWTICO,2015-06-05,59.11
DCOILWTICO,2015-06-08,58.15
DCOILWTICO,2015-06-09,60.15
DCOILWTICO,2015-06-10,61.36
DCOILWTICO,2015-06-11,60.74
DCOILWTICO,2015-06-12,59.96
DCOILWTICO,2015-06-15,59.53
DCOILWTICO,2015-06-16,60.01
DCOILWTICO,2015-06-17,59.89
DCOILWTICO,2015-06-18,60.41
DCOILWTICO,2015-06-19,59.62
DCOILWTICO,2015-06-22,60.01
DCOILWTICO,2015-06-23,61.05
DCOILWTICO,2015-06-24,60.01
DCOILWTICO,2015-06-25,59.59
DCOILWTICO,2015-06-26,59.41
DCOILWTICO,2015-06-29,58.34
DCOILWTICO,2015-06-30,59.48
DCOILWTICO,2015-07-01,56.94
DCOILWTICO,2015-07-02,56.93
DCOILWTICO,2015-07-03,NA
DCOILWTICO,2015-07-06,52.48
DCOILWTICO,2015-07-07,52.33
DCOILWTICO,2015-07-08,51.61
DCOILWTICO,2015-07-09,52.76
DCOILWTICO,2015-07-10,52.74
DCOILWTICO,2015-07-13,52.19
DCOILWTICO,2015-07-14,53.05
DCOILWTICO,2015-07-15,51.4
DCOILWTICO,2015-07-16,50.9
DCOILWTICO,2015-07-17,50.88
DCOILWTICO,2015-07-20,50.11
DCOILWTICO,2015-07-21,50.59
DCOILWTICO,2015-07-22,49.27
DCOILWTICO,2015-07-23,48.11
DCOILWTICO,2015-07-24,47.98
DCOILWTICO,2015-07-27,47.17
DCOILWTICO,2015-07-28,47.97
DCOILWTICO,2015-07-29,48.77
DCOILWTICO,2015-07-30,48.53
DCOILWTICO,2015-07-31,47.11
DCOILWTICO,2015-08-03,45.25
DCOILWTICO,2015-08-04,45.75
DCOILWTICO,2015-08-05,45.13
DCOILWTICO,2015-08-06,44.69
DCOILWTICO,2015-08-07,43.87
DCOILWTICO,2015-08-10,44.94
DCOILWTICO,2015-08-11,43.11
DCOILWTICO,2015-08-12,43.22
DCOILWTICO,2015-08-13,42.27
DCOILWTICO,2015-08-14,42.45
DCOILWTICO,2015-08-17,41.93
DCOILWTICO,2015-08-18,42.58
DCOILWTICO,2015-08-19,40.75
DCOILWTICO,2015-08-20,41
DCOILWTICO,2015-08-21,40.45
DCOILWTICO,2015-08-24,38.22
DCOILWTICO,2015-08-25,39.15
DCOILWTICO,2015-08-26,38.5
DCOILWTICO,2015-08-27,42.47
DCOILWTICO,2015-08-28,45.29
DCOILWTICO,2015-08-31,49.2
DCOILWTICO,2015-09-01,45.38
DCOILWTICO,2015-09-02,46.3
DCOILWTICO,2015-09-03,46.75
DCOILWTICO,2015-09-04,46.02
DCOILWTICO,2015-09-07,NA
DCOILWTICO,2015-09-08,45.92
DCOILWTICO,2015-09-09,44.13
DCOILWTICO,2015-09-10,45.85
DCOILWTICO,2015-09-11,44.75
DCOILWTICO,2015-09-14,44.07
DCOILWTICO,2015-09-15,44.58
DCOILWTICO,2015-09-16,47.12
DCOILWTICO,2015-09-17,46.93
DCOILWTICO,2015-09-18,44.71
DCOILWTICO,2015-09-21,46.67
DCOILWTICO,2015-09-22,46.17
DCOILWTICO,2015-09-23,44.53
DCOILWTICO,2015-09-24,44.94
DCOILWTICO,2015-09-25,45.55
DCOILWTICO,2015-09-28,44.4
DCOILWTICO,2015-09-29,45.24
DCOILWTICO,2015-09-30,45.06
DCOILWTICO,2015-10-01,44.75
DCOILWTICO,2015-10-02,45.54
DCOILWTICO,2015-10-05,46.28
DCOILWTICO,2015-10-06,48.53
DCOILWTICO,2015-10-07,47.86
DCOILWTICO,2015-10-08,49.46
DCOILWTICO,2015-10-09,49.67
DCOILWTICO,2015-10-12,47.09
DCOILWTICO,2015-10-13,46.7
DCOILWTICO,2015-10-14,46.63
DCOILWTICO,2015-10-15,46.38
DCOILWTICO,2015-10-16,47.3
DCOILWTICO,2015-10-19,45.91
DCOILWTICO,2015-10-20,45.84
DCOILWTICO,2015-10-21,45.22
DCOILWTICO,2015-10-22,44.9
DCOILWTICO,2015-10-23,43.91
DCOILWTICO,2015-10-26,43.19
DCOILWTICO,2015-10-27,43.21
DCOILWTICO,2015-10-28,45.93
DCOILWTICO,2015-10-29,46.02
DCOILWTICO,2015-10-30,46.6
DCOILWTICO,2015-11-02,46.12
DCOILWTICO,2015-11-03,47.88
DCOILWTICO,2015-11-04,46.32
DCOILWTICO,2015-11-05,45.27
DCOILWTICO,2015-11-06,44.32
DCOILWTICO,2015-11-09,43.87
DCOILWTICO,2015-11-10,44.23
DCOILWTICO,2015-11-11,42.95
DCOILWTICO,2015-11-12,41.74
DCOILWTICO,2015-11-13,40.69
DCOILWTICO,2015-11-16,41.68
DCOILWTICO,2015-11-17,40.73
DCOILWTICO,2015-11-18,40.75
DCOILWTICO,2015-11-19,40.55
DCOILWTICO,2015-11-20,39.39
DCOILWTICO,2015-11-23,39.27
DCOILWTICO,2015-11-24,40.89
DCOILWTICO,2015-11-25,41.22
DCOILWTICO,2015-11-26,NA
DCOILWTICO,2015-11-27,40.57
DCOILWTICO,2015-11-30,40.43
DCOILWTICO,2015-12-01,40.58
DCOILWTICO,2015-12-02,39.93
DCOILWTICO,2015-12-03,41.08
DCOILWTICO,2015-12-04,40
DCOILWTICO,2015-12-07,37.64
DCOILWTICO,2015-12-08,37.46
DCOILWTICO,2015-12-09,37.16
DCOILWTICO,2015-12-10,36.76
DCOILWTICO,2015-12-11,35.65
DCOILWTICO,2015-12-14,36.31
DCOILWTICO,2015-12-15,37.32
DCOILWTICO,2015-12-16,35.55
DCOILWTICO,2015-12-17,34.98
DCOILWTICO,2015-12-18,34.72
DCOILWTICO,2015-12-21,34.55
DCOILWTICO,2015-12-22,36.12
DCOILWTICO,2015-12-23,36.76
DCOILWTICO,2015-12-24,37.62
DCOILWTICO,2015-12-25,NA
DCOILWTICO,2015-12-28,36.36
DCOILWTICO,2015-12-29,37.88
DCOILWTICO,2015-12-30,36.59
DCOILWTICO,2015-12-31,37.13
DCOILWTICO,2016-01-01,NA
DCOILWTICO,2016-01-04,36.81
DCOILWTICO,2016-01-05,35.97
DCOILWTICO,2016-01-06,33.97
DCOILWTICO,2016-01-07,33.29
DCOILWTICO,2016-01-08,33.2
DCOILWTICO,2016-01-11,31.42
DCOILWTICO,2016-01-12,30.42
DCOILWTICO,2016-01-13,30.42
DCOILWTICO,2016-01-14,31.22
DCOILWTICO,2016-01-15,29.45
DCOILWTICO,2016-01-18,NA
DCOILWTICO,2016-01-19,28.47
DCOILWTICO,2016-01-20,26.68
DCOILWTICO,2016-01-21,29.55
DCOILWTICO,2016-01-22,32.07
DCOILWTICO,2016-01-25,30.31
DCOILWTICO,2016-01-26,29.54
DCOILWTICO,2016-01-27,32.32
DCOILWTICO,2016-01-28,33.21
DCOILWTICO,2016-01-29,33.66
DCOILWTICO,2016-02-01,31.62
DCOILWTICO,2016-02-02,29.9
DCOILWTICO,2016-02-03,32.29
DCOILWTICO,2016-02-04,31.63
DCOILWTICO,2016-02-05,30.86
DCOILWTICO,2016-02-08,29.71
DCOILWTICO,2016-02-09,27.96
DCOILWTICO,2016-02-10,27.54
DCOILWTICO,2016-02-11,26.19
DCOILWTICO,2016-02-12,29.32
DCOILWTICO,2016-02-15,NA
DCOILWTICO,2016-02-16,29.05
DCOILWTICO,2016-02-17,30.68
DCOILWTICO,2016-02-18,30.77
DCOILWTICO,2016-02-19,29.59
DCOILWTICO,2016-02-22,31.37
DCOILWTICO,2016-02-23,31.84
DCOILWTICO,2016-02-24,30.35
DCOILWTICO,2016-02-25,31.4
DCOILWTICO,2016-02-26,31.65
DCOILWTICO,2016-02-29,32.74
DCOILWTICO,2016-03-01,34.39
DCOILWTICO,2016-03-02,34.57
DCOILWTICO,2016-03-03,34.56
DCOILWTICO,2016-03-04,35.91
DCOILWTICO,2016-03-07,37.9
DCOILWTICO,2016-03-08,36.67
DCOILWTICO,2016-03-09,37.62
DCOILWTICO,2016-03-10,37.77
DCOILWTICO,2016-03-11,38.51
DCOILWTICO,2016-03-14,37.2
DCOILWTICO,2016-03-15,36.32
DCOILWTICO,2016-03-16,38.43
DCOILWTICO,2016-03-17,40.17
DCOILWTICO,2016-03-18,39.47
DCOILWTICO,2016-03-21,39.91
DCOILWTICO,2016-03-22,41.45
DCOILWTICO,2016-03-23,38.28
DCOILWTICO,2016-03-24,38.14
DCOILWTICO,2016-03-25,NA
DCOILWTICO,2016-03-28,37.99
DCOILWTICO,2016-03-29,36.91
DCOILWTICO,2016-03-30,36.91
DCOILWTICO,2016-03-31,36.94
DCOILWTICO,2016-04-01,35.36
DCOILWTICO,2016-04-04,34.3
DCOILWTICO,2016-04-05,34.52
DCOILWTICO,2016-04-06,37.74
DCOILWTICO,2016-04-07,37.3
DCOILWTICO,2016-04-08,39.74
DCOILWTICO,2016-04-11,40.46
DCOILWTICO,2016-04-12,42.12
DCOILWTICO,2016-04-13,41.7
DCOILWTICO,2016-04-14,41.45
DCOILWTICO,2016-04-15,40.4
DCOILWTICO,2016-04-18,39.74
DCOILWTICO,2016-04-19,40.88
DCOILWTICO,2016-04-20,42.72
DCOILWTICO,2016-04-21,43.18
DCOILWTICO,2016-04-22,42.76
DCOILWTICO,2016-04-25,41.67
DCOILWTICO,2016-04-26,42.52
DCOILWTICO,2016-04-27,45.29
DCOILWTICO,2016-04-28,46.03
DCOILWTICO,2016-04-29,45.98
DCOILWTICO,2016-05-02,44.75
DCOILWTICO,2016-05-03,43.65
DCOILWTICO,2016-05-04,43.77
DCOILWTICO,2016-05-05,44.33
DCOILWTICO,2016-05-06,44.58
DCOILWTICO,2016-05-09,43.45
DCOILWTICO,2016-05-10,44.68
DCOILWTICO,2016-05-11,46.21
DCOILWTICO,2016-05-12,46.64
DCOILWTICO,2016-05-13,46.22
DCOILWTICO,2016-05-16,47.72
DCOILWTICO,2016-05-17,48.29
DCOILWTICO,2016-05-18,48.12
DCOILWTICO,2016-05-19,48.16
DCOILWTICO,2016-05-20,47.67
DCOILWTICO,2016-05-23,48.12
DCOILWTICO,2016-05-24,48.04
DCOILWTICO,2016-05-25,49.1
DCOILWTICO,2016-05-26,49
DCOILWTICO,2016-05-27,49.36
DCOILWTICO,2016-05-30,NA
DCOILWTICO,2016-05-31,49.1
DCOILWTICO,2016-06-01,49.07
DCOILWTICO,2016-06-02,49.14
DCOILWTICO,2016-06-03,48.69
DCOILWTICO,2016-06-06,49.71
DCOILWTICO,2016-06-07,50.37
DCOILWTICO,2016-06-08,51.23
DCOILWTICO,2016-06-09,50.52
DCOILWTICO,2016-06-10,49.09
DCOILWTICO,2016-06-13,48.89
DCOILWTICO,2016-06-14,48.49
DCOILWTICO,2016-06-15,47.92
DCOILWTICO,2016-06-16,46.14
DCOILWTICO,2016-06-17,48
DCOILWTICO,2016-06-20,49.4
DCOILWTICO,2016-06-21,48.95
DCOILWTICO,2016-06-22,49.16
DCOILWTICO,2016-06-23,49.34
DCOILWTICO,2016-06-24,46.7
DCOILWTICO,2016-06-27,45.8
DCOILWTICO,2016-06-28,47.93
DCOILWTICO,2016-06-29,49.85
DCOILWTICO,2016-06-30,48.27
DCOILWTICO,2016-07-01,49.02
DCOILWTICO,2016-07-04,NA
DCOILWTICO,2016-07-05,46.73
DCOILWTICO,2016-07-06,47.37
DCOILWTICO,2016-07-07,45.22
DCOILWTICO,2016-07-08,45.37
DCOILWTICO,2016-07-11,44.73
DCOILWTICO,2016-07-12,46.82
DCOILWTICO,2016-07-13,44.87
DCOILWTICO,2016-07-14,45.64
DCOILWTICO,2016-07-15,45.93
DCOILWTICO,2016-07-18,45.23
DCOILWTICO,2016-07-19,44.64
DCOILWTICO,2016-07-20,44.96
DCOILWTICO,2016-07-21,43.96
DCOILWTICO,2016-07-22,43.41
DCOILWTICO,2016-07-25,42.4
DCOILWTICO,2016-07-26,42.16
DCOILWTICO,2016-07-27,41.9
DCOILWTICO,2016-07-28,41.13
DCOILWTICO,2016-07-29,41.54
DCOILWTICO,2016-08-01,40.05
DCOILWTICO,2016-08-02,39.5
DCOILWTICO,2016-08-03,40.8
DCOILWTICO,2016-08-04,41.92
DCOILWTICO,2016-08-05,41.83
DCOILWTICO,2016-08-08,43.06
DCOILWTICO,2016-08-09,42.78
DCOILWTICO,2016-08-10,41.75
DCOILWTICO,2016-08-11,43.51
DCOILWTICO,2016-08-12,44.47
DCOILWTICO,2016-08-15,45.72
DCOILWTICO,2016-08-16,46.57
DCOILWTICO,2016-08-17,46.81
DCOILWTICO,2016-08-18,48.2
DCOILWTICO,2016-08-19,48.48
DCOILWTICO,2016-08-22,46.8
DCOILWTICO,2016-08-23,47.54
DCOILWTICO,2016-08-24,46.29
DCOILWTICO,2016-08-25,46.97
DCOILWTICO,2016-08-26,47.64
DCOILWTICO,2016-08-29,46.97
DCOILWTICO,2016-08-30,46.32
DCOILWTICO,2016-08-31,44.68
DCOILWTICO,2016-09-01,43.17
DCOILWTICO,2016-09-02,44.39
DCOILWTICO,2016-09-05,NA
DCOILWTICO,2016-09-06,44.85
DCOILWTICO,2016-09-07,45.47
DCOILWTICO,2016-09-08,47.63
DCOILWTICO,2016-09-09,45.88
DCOILWTICO,2016-09-12,46.28
DCOILWTICO,2016-09-13,44.91
DCOILWTICO,2016-09-14,43.62
DCOILWTICO,2016-09-15,43.85
DCOILWTICO,2016-09-16,43.04
DCOILWTICO,2016-09-19,43.34
DCOILWTICO,2016-09-20,43.85
DCOILWTICO,2016-09-21,45.33
DCOILWTICO,2016-09-22,46.1
DCOILWTICO,2016-09-23,44.36
DCOILWTICO,2016-09-26,45.6
DCOILWTICO,2016-09-27,44.65
DCOILWTICO,2016-09-28,47.07
DCOILWTICO,2016-09-29,47.72
DCOILWTICO,2016-09-30,47.72
DCOILWTICO,2016-10-03,48.8
DCOILWTICO,2016-10-04,48.67
DCOILWTICO,2016-10-05,49.75
DCOILWTICO,2016-10-06,50.44
DCOILWTICO,2016-10-07,49.76
DCOILWTICO,2016-10-10,49.76
DCOILWTICO,2016-10-11,50.72
DCOILWTICO,2016-10-12,50.14
DCOILWTICO,2016-10-13,50.47
DCOILWTICO,2016-10-14,50.35
DCOILWTICO,2016-10-17,49.97
DCOILWTICO,2016-10-18,50.3
DCOILWTICO,2016-10-19,51.59
DCOILWTICO,2016-10-20,50.31
DCOILWTICO,2016-10-21,50.61
DCOILWTICO,2016-10-24,50.18
DCOILWTICO,2016-10-25,49.45
DCOILWTICO,2016-10-26,48.75
DCOILWTICO,2016-10-27,49.71
DCOILWTICO,2016-10-28,48.72
DCOILWTICO,2016-10-31,46.83
DCOILWTICO,2016-11-01,46.66
DCOILWTICO,2016-11-02,45.32
DCOILWTICO,2016-11-03,44.66
DCOILWTICO,2016-11-04,44.07
DCOILWTICO,2016-11-07,44.88
DCOILWTICO,2016-11-08,44.96
DCOILWTICO,2016-11-09,45.2
DCOILWTICO,2016-11-10,44.62
DCOILWTICO,2016-11-11,43.39
DCOILWTICO,2016-11-14,43.29
DCOILWTICO,2016-11-15,45.86
DCOILWTICO,2016-11-16,45.56
DCOILWTICO,2016-11-17,45.37
DCOILWTICO,2016-11-18,45.69
DCOILWTICO,2016-11-21,47.48
DCOILWTICO,2016-11-22,48.07
DCOILWTICO,2016-11-23,46.72
DCOILWTICO,2016-11-24,NA
DCOILWTICO,2016-11-25,46.72
DCOILWTICO,2016-11-28,45.66
DCOILWTICO,2016-11-29,45.29
DCOILWTICO,2016-11-30,49.41
DCOILWTICO,2016-12-01,51.08
DCOILWTICO,2016-12-02,51.7
DCOILWTICO,2016-12-05,51.72
DCOILWTICO,2016-12-06,50.95
DCOILWTICO,2016-12-07,49.85
DCOILWTICO,2016-12-08,50.84
DCOILWTICO,2016-12-09,51.51
DCOILWTICO,2016-12-12,52.74
DCOILWTICO,2016-12-13,52.99
DCOILWTICO,2016-12-14,51.01
DCOILWTICO,2016-12-15,50.9
DCOILWTICO,2016-12-16,51.93
DCOILWTICO,2016-12-19,52.13
DCOILWTICO,2016-12-20,52.22
DCOILWTICO,2016-12-21,51.44
DCOILWTICO,2016-12-22,51.98
DCOILWTICO,2016-12-23,52.01
DCOILWTICO,2016-12-26,NA
DCOILWTICO,2016-12-27,52.82
DCOILWTICO,2016-12-28,54.01
DCOILWTICO,2016-12-29,53.8
DCOILWTICO,2016-12-30,53.75
DCOILWTICO,2017-01-02,NA
DCOILWTICO,2017-01-03,52.36
DCOILWTICO,2017-01-04,53.26
DCOILWTICO,2017-01-05,53.77
DCOILWTICO,2017-01-06,53.98
DCOILWTICO,2017-01-09,51.95
DCOILWTICO,2017-01-10,50.82
DCOILWTICO,2017-01-11,52.19
DCOILWTICO,2017-01-12,53.01
DCOILWTICO,2017-01-13,52.36
DCOILWTICO,2017-01-16,NA
DCOILWTICO,2017-01-17,52.45
DCOILWTICO,2017-01-18,51.12
DCOILWTICO,2017-01-19,51.39
DCOILWTICO,2017-01-20,52.33
DCOILWTICO,2017-01-23,52.77
DCOILWTICO,2017-01-24,52.38
DCOILWTICO,2017-01-25,52.14
DCOILWTICO,2017-01-26,53.24
DCOILWTICO,2017-01-27,53.18
DCOILWTICO,2017-01-30,52.63
DCOILWTICO,2017-01-31,52.75
DCOILWTICO,2017-02-01,53.9
DCOILWTICO,2017-02-02,53.55
DCOILWTICO,2017-02-03,53.81
DCOILWTICO,2017-02-06,53.01
DCOILWTICO,2017-02-07,52.19
DCOILWTICO,2017-02-08,52.37
DCOILWTICO,2017-02-09,52.99
DCOILWTICO,2017-02-10,53.84
DCOILWTICO,2017-02-13,52.96
DCOILWTICO,2017-02-14,53.21
DCOILWTICO,2017-02-15,53.11
DCOILWTICO,2017-02-16,53.41
DCOILWTICO,2017-02-17,53.41
DCOILWTICO,2017-02-20,NA
DCOILWTICO,2017-02-21,54.02
DCOILWTICO,2017-02-22,53.61
DCOILWTICO,2017-02-23,54.48
DCOILWTICO,2017-02-24,53.99
DCOILWTICO,2017-02-27,54.04
DCOILWTICO,2017-02-28,54
DCOILWTICO,2017-03-01,53.82
DCOILWTICO,2017-03-02,52.63
DCOILWTICO,2017-03-03,53.33
DCOILWTICO,2017-03-06,53.19
DCOILWTICO,2017-03-07,52.68
DCOILWTICO,2017-03-08,49.83
DCOILWTICO,2017-03-09,48.75
DCOILWTICO,2017-03-10,48.05
DCOILWTICO,2017-03-13,47.95
DCOILWTICO,2017-03-14,47.24
DCOILWTICO,2017-03-15,48.34
DCOILWTICO,2017-03-16,48.3
DCOILWTICO,2017-03-17,48.34
DCOILWTICO,2017-03-20,47.79
DCOILWTICO,2017-03-21,47.02
DCOILWTICO,2017-03-22,47.29
DCOILWTICO,2017-03-23,47
DCOILWTICO,2017-03-24,47.3
DCOILWTICO,2017-03-27,47.02
DCOILWTICO,2017-03-28,48.36
DCOILWTICO,2017-03-29,49.47
DCOILWTICO,2017-03-30,50.3
DCOILWTICO,2017-03-31,50.54
DCOILWTICO,2017-04-03,50.25
DCOILWTICO,2017-04-04,50.99
DCOILWTICO,2017-04-05,51.14
DCOILWTICO,2017-04-06,51.69
DCOILWTICO,2017-04-07,52.25
DCOILWTICO,2017-04-10,53.06
DCOILWTICO,2017-04-11,53.38
DCOILWTICO,2017-04-12,53.12
DCOILWTICO,2017-04-13,53.19
DCOILWTICO,2017-04-14,NA
DCOILWTICO,2017-04-17,52.62
DCOILWTICO,2017-04-18,52.46
DCOILWTICO,2017-04-19,50.49
DCOILWTICO,2017-04-20,50.26
DCOILWTICO,2017-04-21,49.64
DCOILWTICO,2017-04-24,48.9
DCOILWTICO,2017-04-25,49.22
DCOILWTICO,2017-04-26,49.22
DCOILWTICO,2017-04-27,48.96
DCOILWTICO,2017-04-28,49.31
DCOILWTICO,2017-05-01,48.83
DCOILWTICO,2017-05-02,47.65
DCOILWTICO,2017-05-03,47.79
DCOILWTICO,2017-05-04,45.55
DCOILWTICO,2017-05-05,46.23
DCOILWTICO,2017-05-08,46.46
DCOILWTICO,2017-05-09,45.84
DCOILWTICO,2017-05-10,47.28
DCOILWTICO,2017-05-11,47.81
DCOILWTICO,2017-05-12,47.83
DCOILWTICO,2017-05-15,48.86
DCOILWTICO,2017-05-16,48.64
DCOILWTICO,2017-05-17,49.04
DCOILWTICO,2017-05-18,49.36
DCOILWTICO,2017-05-19,50.32
DCOILWTICO,2017-05-22,50.81
DCOILWTICO,2017-05-23,51.12
DCOILWTICO,2017-05-24,50.99
DCOILWTICO,2017-05-25,48.57
DCOILWTICO,2017-05-26,49.58
DCOILWTICO,2017-05-29,NA
DCOILWTICO,2017-05-30,49.63
DCOILWTICO,2017-05-31,48.29
DCOILWTICO,2017-06-01,48.32
DCOILWTICO,2017-06-02,47.68
DCOILWTICO,2017-06-05,47.4
DCOILWTICO,2017-06-06,48.13
DCOILWTICO,2017-06-07,45.8
DCOILWTICO,2017-06-08,45.68
DCOILWTICO,2017-06-09,45.82
DCOILWTICO,2017-06-12,46.1
DCOILWTICO,2017-06-13,46.41
DCOILWTICO,2017-06-14,44.79
DCOILWTICO,2017-06-15,44.47
DCOILWTICO,2017-06-16,44.73
DCOILWTICO,2017-06-19,44.24
DCOILWTICO,2017-06-20,43.34
DCOILWTICO,2017-06-21,42.48
DCOILWTICO,2017-06-22,42.53
DCOILWTICO,2017-06-23,42.86
DCOILWTICO,2017-06-26,43.24
DCOILWTICO,2017-06-27,44.25
DCOILWTICO,2017-06-28,44.74
DCOILWTICO,2017-06-29,44.88
DCOILWTICO,2017-06-30,46.02
DCOILWTICO,2017-07-03,NA
DCOILWTICO,2017-07-04,NA
DCOILWTICO,2017-07-05,45.11
DCOILWTICO,2017-07-06,45.52
DCOILWTICO,2017-07-07,44.25
DCOILWTICO,2017-07-10,44.4
DCOILWTICO,2017-07-11,45.06
DCOILWTICO,2017-07-12,45.48
DCOILWTICO,2017-07-13,46.06
DCOILWTICO,2017-07-14,46.53
DCOILWTICO,2017-07-17,46.02
DCOILWTICO,2017-07-18,46.4
DCOILWTICO,2017-07-19,47.1
DCOILWTICO,2017-07-20,46.73
DCOILWTICO,2017-07-21,45.78
DCOILWTICO,2017-07-24,46.21
DCOILWTICO,2017-07-25,47.77
DCOILWTICO,2017-07-26,48.58
DCOILWTICO,2017-07-27,49.05
DCOILWTICO,2017-07-28,49.72
DCOILWTICO,2017-07-31,50.21
DCOILWTICO,2017-08-01,49.19
DCOILWTICO,2017-08-02,49.6
DCOILWTICO,2017-08-03,49.03
DCOILWTICO,2017-08-04,49.57
DCOILWTICO,2017-08-07,49.37
DCOILWTICO,2017-08-08,49.07
DCOILWTICO,2017-08-09,49.59
DCOILWTICO,2017-08-10,48.54
DCOILWTICO,2017-08-11,48.81
DCOILWTICO,2017-08-14,47.59
DCOILWTICO,2017-08-15,47.57
DCOILWTICO,2017-08-16,46.8
DCOILWTICO,2017-08-17,47.07
DCOILWTICO,2017-08-18,48.59
DCOILWTICO,2017-08-21,47.39
DCOILWTICO,2017-08-22,47.65
DCOILWTICO,2017-08-23,48.45
DCOILWTICO,2017-08-24,47.24
DCOILWTICO,2017-08-25,47.65
DCOILWTICO,2017-08-28,46.4
DCOILWTICO,2017-08-29,46.46
DCOILWTICO,2017-08-30,45.96
DCOILWTICO,2017-08-31,47.26
DCOILWTICO,2017-09-01,47.32
DCOILWTICO,2017-09-04,NA
DCOILWTICO,2017-09-05,48.63
DCOILWTICO,2017-09-06,49.13
DCOILWTICO,2017-09-07,49.1
DCOILWTICO,2017-09-08,47.44
DCOILWTICO,2017-09-11,48.06
DCOILWTICO,2017-09-12,48.21
DCOILWTICO,2017-09-13,49.3
DCOILWTICO,2017-09-14,49.86
DCOILWTICO,2017-09-15,49.9
DCOILWTICO,2017-09-18,49.88
DCOILWTICO,2017-09-19,49.54
DCOILWTICO,2017-09-20,50.29
DCOILWTICO,2017-09-21,50.58
DCOILWTICO,2017-09-22,50.33
DCOILWTICO,2017-09-25,51.85
DCOILWTICO,2017-09-26,51.59
DCOILWTICO,2017-09-27,52.14
DCOILWTICO,2017-09-28,51.62
DCOILWTICO,2017-09-29,51.67
DCOILWTICO,2017-10-02,50.59
DCOILWTICO,2017-10-03,50.44
DCOILWTICO,2017-10-04,50
DCOILWTICO,2017-10-05,50.79
DCOILWTICO,2017-10-06,49.34
DCOILWTICO,2017-10-09,49.58
DCOILWTICO,2017-10-10,50.93
DCOILWTICO,2017-10-11,51.3
DCOILWTICO,2017-10-12,50.61
DCOILWTICO,2017-10-13,51.43
DCOILWTICO,2017-10-16,51.86
DCOILWTICO,2017-10-17,51.87
DCOILWTICO,2017-10-18,52.05
DCOILWTICO,2017-10-19,51.29
DCOILWTICO,2017-10-20,51.63
DCOILWTICO,2017-10-23,51.91
DCOILWTICO,2017-10-24,52.32
DCOILWTICO,2017-10-25,51.97
DCOILWTICO,2017-10-26,52.41
DCOILWTICO,2017-10-27,53.92
DCOILWTICO,2017-10-30,54.11
DCOILWTICO,2017-10-31,54.36
DCOILWTICO,2017-11-01,54.32
DCOILWTICO,2017-11-02,54.55
DCOILWTICO,2017-11-03,55.63
DCOILWTICO,2017-11-06,57.34
DCOILWTICO,2017-11-07,57.19
DCOILWTICO,2017-11-08,56.82
DCOILWTICO,2017-11-09,57.16
DCOILWTICO,2017-11-10,56.75
DCOILWTICO,2017-11-13,56.77
DCOILWTICO,2017-11-14,55.67
DCOILWTICO,2017-11-15,55.28
DCOILWTICO,2017-11-16,55.14
DCOILWTICO,2017-11-17,56.21
DCOILWTICO,2017-11-20,56.21
DCOILWTICO,2017-11-21,56.84
DCOILWTICO,2017-11-22,57.88
DCOILWTICO,2017-11-23,NA
DCOILWTICO,2017-11-24,58.94
DCOILWTICO,2017-11-27,58.1
DCOILWTICO,2017-11-28,57.96
DCOILWTICO,2017-11-29,57.25
DCOILWTICO,2017-11-30,57.4
DCOILWTICO,2017-12-01,58.35
DCOILWTICO,2017-12-04,57.48
DCOILWTICO,2017-12-05,57.66
DCOILWTICO,2017-12-06,55.79
DCOILWTICO,2017-12-07,56.5
DCOILWTICO,2017-12-08,57.15
DCOILWTICO,2017-12-11,57.84
DCOILWTICO,2017-12-12,57.12
DCOILWTICO,2017-12-13,56.59
DCOILWTICO,2017-12-14,57
DCOILWTICO,2017-12-15,57.29
DCOILWTICO,2017-12-18,57.17
DCOILWTICO,2017-12-19,57.49
DCOILWTICO,2017-12-20,58.09
DCOILWTICO,2017-12-21,58.34
DCOILWTICO,2017-12-22,58.25
DCOILWTICO,2017-12-25,NA
DCOILWTICO,2017-12-26,59.55
DCOILWTICO,2017-12-27,59.67
DCOILWTICO,2017-12-28,59.84
DCOILWTICO,2017-12-29,60.46
DCOILWTICO,2018-01-01,NA
DCOILWTICO,2018-01-02,60.37
DCOILWTICO,2018-01-03,61.61
DCOILWTICO,2018-01-04,61.98
DCOILWTICO,2018-01-05,61.49
DCOILWTICO,2018-01-08,61.73
DCOILWTICO,2018-01-09,62.92
DCOILWTICO,2018-01-10,63.6
DCOILWTICO,2018-01-11,63.81
DCOILWTICO,2018-01-12,64.22
DCOILWTICO,2018-01-15,NA
DCOILWTICO,2018-01-16,63.82
DCOILWTICO,2018-01-17,63.92
DCOILWTICO,2018-01-18,63.96
DCOILWTICO,2018-01-19,63.38
DCOILWTICO,2018-01-22,63.66
DCOILWTICO,2018-01-23,64.45
DCOILWTICO,2018-01-24,65.69
DCOILWTICO,2018-01-25,65.62
DCOILWTICO,2018-01-26,66.27
DCOILWTICO,2018-01-29,65.71
DCOILWTICO,2018-01-30,64.64
DCOILWTICO,2018-01-31,64.82
DCOILWTICO,2018-02-01,65.92
DCOILWTICO,2018-02-02,65.5
DCOILWTICO,2018-02-05,64.18
DCOILWTICO,2018-02-06,63.48
DCOILWTICO,2018-02-07,61.91
DCOILWTICO,2018-02-08,61.3
DCOILWTICO,2018-02-09,59.2
DCOILWTICO,2018-02-12,59.41
DCOILWTICO,2018-02-13,59.33
DCOILWTICO,2018-02-14,60.7
DCOILWTICO,2018-02-15,61.48
DCOILWTICO,2018-02-16,61.89
DCOILWTICO,2018-02-19,NA
DCOILWTICO,2018-02-20,61.91
DCOILWTICO,2018-02-21,61.73
DCOILWTICO,2018-02-22,62.72
DCOILWTICO,2018-02-23,63.52
DCOILWTICO,2018-02-26,63.81
DCOILWTICO,2018-02-27,62.94
DCOILWTICO,2018-02-28,61.43
DCOILWTICO,2018-03-01,60.98
DCOILWTICO,2018-03-02,61.19
DCOILWTICO,2018-03-05,62.49
DCOILWTICO,2018-03-06,62.54
DCOILWTICO,2018-03-07,61.09
DCOILWTICO,2018-03-08,60.13
DCOILWTICO,2018-03-09,62.02
DCOILWTICO,2018-03-12,61.35
DCOILWTICO,2018-03-13,60.69
DCOILWTICO,2018-03-14,60.89
DCOILWTICO,2018-03-15,61.16
DCOILWTICO,2018-03-16,62.29
DCOILWTICO,2018-03-19,62.01
DCOILWTICO,2018-03-20,63.37
DCOILWTICO,2018-03-21,65.1
DCOILWTICO,2018-03-22,64.25
DCOILWTICO,2018-03-23,65.8
DCOILWTICO,2018-03-26,65.49
DCOILWTICO,2018-03-27,65.21
DCOILWTICO,2018-03-28,64.3
DCOILWTICO,2018-03-29,64.87
DCOILWTICO,2018-03-30,NA
DCOILWTICO,2018-04-02,63.05
DCOILWTICO,2018-04-03,63.41
DCOILWTICO,2018-04-04,63.35
DCOILWTICO,2018-04-05,63.53
DCOILWTICO,2018-04-06,62.03
DCOILWTICO,2018-04-09,63.4
DCOILWTICO,2018-04-10,65.48
DCOILWTICO,2018-04-11,66.81
DCOILWTICO,2018-04-12,67.07
DCOILWTICO,2018-04-13,67.35
DCOILWTICO,2018-04-16,66.23
DCOILWTICO,2018-04-17,66.5
DCOILWTICO,2018-04-18,68.44
DCOILWTICO,2018-04-19,68.3
DCOILWTICO,2018-04-20,68.26
DCOILWTICO,2018-04-23,67.61
DCOILWTICO,2018-04-24,67.66
DCOILWTICO,2018-04-25,68
DCOILWTICO,2018-04-26,68.18
DCOILWTICO,2018-04-27,68.11
DCOILWTICO,2018-04-30,68.56
DCOILWTICO,2018-05-01,67.28
DCOILWTICO,2018-05-02,67.91
DCOILWTICO,2018-05-03,68.45
DCOILWTICO,2018-05-04,69.71
DCOILWTICO,2018-05-07,70.74
DCOILWTICO,2018-05-08,68.83
DCOILWTICO,2018-05-09,71.16
DCOILWTICO,2018-05-10,71.36
DCOILWTICO,2018-05-11,70.69
DCOILWTICO,2018-05-14,71.01
DCOILWTICO,2018-05-15,71.34
DCOILWTICO,2018-05-16,71.43
DCOILWTICO,2018-05-17,71.47
DCOILWTICO,2018-05-18,71.23
DCOILWTICO,2018-05-21,72.26
DCOILWTICO,2018-05-22,72.09
DCOILWTICO,2018-05-23,71.85
DCOILWTICO,2018-05-24,70.77
DCOILWTICO,2018-05-25,67.92
DCOILWTICO,2018-05-28,NA
DCOILWTICO,2018-05-29,66.8
DCOILWTICO,2018-05-30,68.24
DCOILWTICO,2018-05-31,66.98
DCOILWTICO,2018-06-01,65.81
DCOILWTICO,2018-06-04,64.76
DCOILWTICO,2018-06-05,65.51
DCOILWTICO,2018-06-06,64.75
DCOILWTICO,2018-06-07,65.96
DCOILWTICO,2018-06-08,65.77
DCOILWTICO,2018-06-11,66.1
DCOILWTICO,2018-06-12,66.38
DCOILWTICO,2018-06-13,66.63
DCOILWTICO,2018-06-14,66.91
DCOILWTICO,2018-06-15,65.01
DCOILWTICO,2018-06-18,65.91
DCOILWTICO,2018-06-19,65.09
DCOILWTICO,2018-06-20,65.92
DCOILWTICO,2018-06-21,65.68
DCOILWTICO,2018-06-22,69.02
DCOILWTICO,2018-06-25,69.91
DCOILWTICO,2018-06-26,75.23
DCOILWTICO,2018-06-27,77.41
DCOILWTICO,2018-06-28,73.45
DCOILWTICO,2018-06-29,74.13
DCOILWTICO,2018-07-02,73.89
DCOILWTICO,2018-07-03,74.19
DCOILWTICO,2018-07-04,NA
DCOILWTICO,2018-07-05,73.05
DCOILWTICO,2018-07-06,73.78
DCOILWTICO,2018-07-09,73.93
DCOILWTICO,2018-07-10,74.11
DCOILWTICO,2018-07-11,70.47
DCOILWTICO,2018-07-12,70.28
DCOILWTICO,2018-07-13,71.03
DCOILWTICO,2018-07-16,68.22
DCOILWTICO,2018-07-17,68.03
DCOILWTICO,2018-07-18,68.78
DCOILWTICO,2018-07-19,69.42
DCOILWTICO,2018-07-20,70.31
DCOILWTICO,2018-07-23,67.9
DCOILWTICO,2018-07-24,70.77
DCOILWTICO,2018-07-25,71.13
DCOILWTICO,2018-07-26,71.59
DCOILWTICO,2018-07-27,68.66
DCOILWTICO,2018-07-30,71.19
DCOILWTICO,2018-07-31,69.88
DCOILWTICO,2018-08-01,68.8
DCOILWTICO,2018-08-02,68.95
DCOILWTICO,2018-08-03,68.49
DCOILWTICO,2018-08-06,69.01
DCOILWTICO,2018-08-07,69.17
DCOILWTICO,2018-08-08,66.92
DCOILWTICO,2018-08-09,66.81
DCOILWTICO,2018-08-10,67.61
DCOILWTICO,2018-08-13,67.25
DCOILWTICO,2018-08-14,67.04
DCOILWTICO,2018-08-15,65.07
DCOILWTICO,2018-08-16,65.44
DCOILWTICO,2018-08-17,65.93
DCOILWTICO,2018-08-20,66.5
DCOILWTICO,2018-08-21,67.32
DCOILWTICO,2018-08-22,67.85
DCOILWTICO,2018-08-23,69.13
DCOILWTICO,2018-08-24,69.71
DCOILWTICO,2018-08-27,69.97
DCOILWTICO,2018-08-28,68.54
DCOILWTICO,2018-08-29,69.68
DCOILWTICO,2018-08-30,70.25
DCOILWTICO,2018-08-31,69.84
DCOILWTICO,2018-09-03,NA
DCOILWTICO,2018-09-04,69.82
DCOILWTICO,2018-09-05,68.69
DCOILWTICO,2018-09-06,67.81
DCOILWTICO,2018-09-07,67.73
DCOILWTICO,2018-09-10,67.55
DCOILWTICO,2018-09-11,69.29
DCOILWTICO,2018-09-12,70.37
DCOILWTICO,2018-09-13,68.6
DCOILWTICO,2018-09-14,68.98
DCOILWTICO,2018-09-17,68.86
DCOILWTICO,2018-09-18,69.87
DCOILWTICO,2018-09-19,71.08
DCOILWTICO,2018-09-20,70.77
DCOILWTICO,2018-09-21,70.8
DCOILWTICO,2018-09-24,73.23
DCOILWTICO,2018-09-25,73.4
DCOILWTICO,2018-09-26,72.22
DCOILWTICO,2018-09-27,72.18
DCOILWTICO,2018-09-28,73.16
DCOILWTICO,2018-10-01,75.37
DCOILWTICO,2018-10-02,75.16
DCOILWTICO,2018-10-03,76.4
DCOILWTICO,2018-10-04,74.44
DCOILWTICO,2018-10-05,74.26
DCOILWTICO,2018-10-08,74.27
DCOILWTICO,2018-10-09,74.95
DCOILWTICO,2018-10-10,73.18
DCOILWTICO,2018-10-11,70.97
DCOILWTICO,2018-10-12,71.41
DCOILWTICO,2018-10-15,71.84
DCOILWTICO,2018-10-16,71.93
DCOILWTICO,2018-10-17,69.63
DCOILWTICO,2018-10-18,68.63
DCOILWTICO,2018-10-19,69.16
DCOILWTICO,2018-10-22,69.25
DCOILWTICO,2018-10-23,66.49
DCOILWTICO,2018-10-24,66.56
DCOILWTICO,2018-10-25,67.25
DCOILWTICO,2018-10-26,67.58
DCOILWTICO,2018-10-29,67
DCOILWTICO,2018-10-30,66.18
DCOILWTICO,2018-10-31,65.31
DCOILWTICO,2018-11-01,63.67
DCOILWTICO,2018-11-02,63.12
DCOILWTICO,2018-11-05,63.12
DCOILWTICO,2018-11-06,62.16
DCOILWTICO,2018-11-07,61.69
DCOILWTICO,2018-11-08,60.71
DCOILWTICO,2018-11-09,60.19
DCOILWTICO,2018-11-12,59.85
DCOILWTICO,2018-11-13,55.63
DCOILWTICO,2018-11-14,56.16
DCOILWTICO,2018-11-15,56.45
DCOILWTICO,2018-11-16,56.49
DCOILWTICO,2018-11-19,57.16
DCOILWTICO,2018-11-20,53.39
DCOILWTICO,2018-11-21,54.41
DCOILWTICO,2018-11-22,NA
DCOILWTICO,2018-11-23,NA
DCOILWTICO,2018-11-26,51.46
DCOILWTICO,2018-11-27,51.31
DCOILWTICO,2018-11-28,50.06
DCOILWTICO,2018-11-29,51.46
DCOILWTICO,2018-11-30,50.78
DCOILWTICO,2018-12-03,52.98
DCOILWTICO,2018-12-04,53.21
DCOILWTICO,2018-12-05,52.64
DCOILWTICO,2018-12-06,51.54
DCOILWTICO,2018-12-07,52.76
DCOILWTICO,2018-12-10,51.07
DCOILWTICO,2018-12-11,51.65
DCOILWTICO,2018-12-12,51.04
DCOILWTICO,2018-12-13,52.69
DCOILWTICO,2018-12-14,51.26
DCOILWTICO,2018-12-17,49.8
DCOILWTICO,2018-12-18,46.12
DCOILWTICO,2018-12-19,47.96
DCOILWTICO,2018-12-20,45.64
DCOILWTICO,2018-12-21,45.38
DCOILWTICO,2018-12-24,NA
DCOILWTICO,2018-12-25,NA
DCOILWTICO,2018-12-26,46.04
DCOILWTICO,2018-12-27,44.48
DCOILWTICO,2018-12-28,45.15
DCOILWTICO,2018-12-31,NA
